Kalınlık;Renk Değer;Kağıt Renk;Pres Plaka Yüzey;Melamin Pres Hatları;Max üst yoğ.kg/m3;Min. Orta. Kg/m3;Max alt yoğ.kg/m3;Üre Jel Süresi (Emprenye);Melamin Jel Süresi (Ceketleme);Sağ (%Reçine);Sağ (%Nem);Orta (%Reçine);Orta (%Nem);Sol (%Reçine);Sol (%Nem);Plaka Sıcaklıkları Min;Plaka Sıcaklıkları Max;Özgül Basınç Min;Özgül Basınç Max;Anlık Duruş;Ölü Zaman Minimum;Ölü Zaman Maximum;Presleme Süresi Min;Presleme Süresi Max
18;191;KAPLAN;GÖLGE;M16;898,5;565,4;967;4,14;7;62,82;6,618;63,68;5,45;64;6,4;154,8;180,4;24,18;47,96;58,53;12,2;21,54;28,51;35,43
18;191;KAPLAN;GÖLGE;M17;920,9;554,1;993,3;5,25;5,4;65,97;6,579;65,13;7,22;65,8;6,6;143,4;199,7;20,18;59,46;59,1;12,3;22,56;23,33;38,05
18;191;KAPLAN;GÖLGE;M15;880,1;574,2;1021,5;3,59;5,62;65,54;6,405;65,06;6,22;64,3;6,8;167,2;186,2;26,05;49,31;54,67;13,11;22,15;25,58;35,01
18;191;KAPLAN;GÖLGE;M6;1010,6;527,2;879,9;4,54;5,44;62,01;7,517;65,86;5,48;64,8;6,7;142,7;216,1;25,28;54,18;57,59;12,39;22,24;22,63;31,13
18;191;KAPLAN;GÖLGE;M9;874,1;518,8;997,1;2,66;7,29;62,31;7,059;65,9;5,59;65,9;6,6;145,1;182,2;25,01;49,54;45,83;14,6;22,47;21,5;36,18
18;191;KAPLAN;GÖLGE;M3;875,9;522,2;1014,4;5,18;3,27;63,32;6,74;66;7,72;63,9;6,9;160;151,4;22,39;34,07;54,62;14,92;22,74;22,11;38,74
18;191;KAPLAN;GÖLGE;M4;929,2;586,8;877,6;2,46;7,99;63,85;6,987;62,13;5,86;65,6;6,9;158,4;209,9;26,7;42,69;52,46;12,21;21,31;26,94;33,25
18;191;KAPLAN;GÖLGE;M14;918,3;563,3;1019,5;4,7;7,66;63,07;6,793;62,1;5,68;64;6;174,4;214,4;20,68;38,26;45,17;13,65;21,06;21,45;34,03
18;191;KAPLAN;GÖLGE;M1;1006,8;502,2;1019,7;5,36;6,56;66,01;7,096;65,72;6,9;64,8;6;175,5;178,7;21,06;41,15;54,93;13,3;21,37;23,76;37,62
18;191;KAPLAN;GÖLGE;M2;870,9;540,4;947,1;5,13;3,05;64,74;6,788;64,76;7,9;63,3;6,8;169;186,9;22,39;54,39;56,57;12,98;21,75;25,81;34,55
18;191;KAPLAN;GÖLGE;M12;953;533;883,4;3,58;6,34;63,83;6,605;62,67;7,1;64,6;6;147,7;171,9;28,66;40,76;47,77;14,89;22,46;20,91;37,16
18;191;KAPLAN;GÖLGE;M13;969;495,7;992;2,95;5,82;64,47;7,735;64,55;6,05;65,3;6,7;161,5;176;22,03;53,33;52,84;14,61;22,68;25,75;38,24
18;191;KAPLAN;GÖLGE;M7;1003,5;493,6;880,3;5,32;3,75;65,08;6,607;64;7,78;64,9;6,1;150,7;150,9;28,54;41,67;47,87;12,61;21,75;29,06;35,59
18;191;KAPLAN;GÖLGE;M8;976,6;565,4;973,1;4,48;3,82;65,05;6,417;64,24;5,83;65,4;6,8;180,9;167,8;27,07;63,76;49,12;12,94;22,55;23,43;34,81
18;191;KAPLAN;GÖLGE;M10;905,8;491,7;893,8;2,6;3,44;64,03;6,44;64,25;5,21;63,8;6,1;185,2;215,9;28,3;55,03;45,46;14,34;21,54;23,48;34,21
18;191;KAPLAN;GÖLGE;M5;981,1;542,5;917,2;5,19;3,01;65,79;6,744;65,18;7,2;64;6,4;163,1;176,9;25,04;31,44;49,28;14,45;22,06;29,08;37,41
18;191;KAPLAN;GÖLGE;M11;915,9;577,7;1018;4,01;3,01;62,13;7,433;63,89;6,27;66;6,8;149,3;169,7;26,88;51,73;57,92;12,04;21,42;20,31;39,86
18;191;KAPLAN;GÖLGE;M16;1005,8;545,5;926,4;3,3;4,22;64,29;7,001;64,46;7,39;63,9;6,9;140,4;156;23,23;37,7;59,79;13,04;21,75;22,83;34,27
18;191;KAPLAN;GÖLGE;M17;913,8;517,7;935,7;4,88;4,72;62,87;6,9;65,77;6,43;63;6,3;176,5;193,8;23,04;37,45;46,83;13,93;22,02;20,37;35,35
18;191;KAPLAN;GÖLGE;M15;887,9;533,7;900,5;4,62;3,94;65,39;7,623;65,47;5,2;63,5;6,3;188,4;178;28;33,46;55,29;12,6;22,42;20,51;32,65
18;191;KAPLAN;GÖLGE;M6;874,9;556,5;882,7;3,7;3,71;64,6;7,205;63,24;5,71;64,5;6,4;158;176,8;24,41;43,73;54,17;12,6;21,09;28,36;35,1
18;191;KAPLAN;GÖLGE;M9;904,1;488,4;904,2;3,48;7,14;62,83;6,474;65,9;6,15;65,7;6,9;173,2;197,8;24,73;31,67;48,79;13,22;22,11;25,73;36,73
18;191;KAPLAN;GÖLGE;M3;891,2;524,5;1014,3;4,67;5,21;62,45;6,666;63,83;7,67;65,4;6,9;187,5;201;23,87;34,17;55,4;12,04;21,76;24,91;36,74
18;191;KAPLAN;GÖLGE;M4;936,9;546,6;898,5;2,88;2,53;66,17;7,589;64,3;7,42;63,1;6,3;153,9;172,9;28,36;34,95;58,41;14,43;22,11;26,61;31,11
18;191;KAPLAN;GÖLGE;M14;947,4;500,1;885;2,77;6,28;65,64;6,487;65,51;6,8;64,7;6,2;151,3;213,9;28,39;44,95;45,28;14,46;21,24;23,65;34,86
18;191;KAPLAN;GÖLGE;M1;999,3;509,9;878,5;2,7;5,55;64,16;7,62;65,59;7,82;63,4;6,5;169,3;204,2;25,49;40,41;45,17;12,02;22,14;24,49;33,83
18;191;KAPLAN;GÖLGE;M2;986,1;559,5;943,5;4,89;2,93;63,93;7,903;64,2;7,27;64;6,1;168,4;155,6;21,92;53,08;49,14;14,12;22,09;22,92;34,53
18;191;KAPLAN;GÖLGE;M12;998,1;561,5;1016,8;4,44;6,87;64,34;6,469;63,33;5,84;65,2;6,3;141;179,7;25,43;56,97;51,37;14,77;22,08;20,1;32,8
18;191;KAPLAN;GÖLGE;M13;955,1;544,3;907,3;4,19;7,07;62,77;7,739;62,04;7,92;63,4;6,7;183,2;203,1;25,27;59,94;47,57;12,58;21,75;20,42;36,52
18;191;KAPLAN;GÖLGE;M7;1004,7;510;871;2,68;7,79;62,83;6,962;62,68;5,82;63,5;6,7;159;190,6;21,93;38,22;57,62;12,34;21,22;29,07;34,21
18;191;KAPLAN;GÖLGE;M8;890,8;496;917,6;3,86;8,02;63,41;7,043;62,83;6,84;63,6;6,4;147,3;177,2;28,73;36,12;55,3;12,61;21,16;28,79;31,63
18;191;KAPLAN;GÖLGE;M10;952,5;586,2;884,6;4,42;3,23;64,67;6,47;63,64;6,96;63,4;6,5;158,4;160,4;22;64,05;58,65;13,46;21,16;29,79;33,05
18;191;KAPLAN;GÖLGE;M5;926,4;499,5;962,6;4,52;7,16;62,7;7,679;64,2;6,3;63,7;6,9;150,2;183,4;20,35;36,9;58,14;12,6;21,1;23,08;38,65
18;191;KAPLAN;GÖLGE;M11;909,9;569,1;876,6;4,67;7,21;63,65;7,574;64,82;5,42;63,5;6,7;159,2;181,5;23,42;38,31;51,97;12,51;21,95;29,91;38,84
18;191;KAPLAN;GÖLGE;M16;898,1;557,5;926,3;3,82;3,19;66,22;7,534;63,74;7,68;63,3;6,7;176,4;192,5;24,07;48,33;55,25;12,53;21,78;27,95;35,05
18;191;KAPLAN;GÖLGE;M17;982,6;506,7;962,3;4,93;6,57;66,54;7,22;62,45;5,74;63,4;6,4;168,3;193,8;22,24;33,68;53,64;12,44;22,63;23,14;32,57
18;191;KAPLAN;GÖLGE;M15;993,6;519;1011,1;4,8;6,41;65,46;7,439;62,21;5,6;64,9;7;161,2;155,9;24,49;48,86;52,21;12,75;21,37;28,01;37,99
18;191;KAPLAN;GÖLGE;M6;905,7;571,9;1010,3;2,8;3,79;64,53;7,173;63,97;6,58;65,7;6,1;170,4;218,8;22,79;48,14;51,13;12,32;21,79;25,92;32,78
18;191;KAPLAN;GÖLGE;M9;944,4;571,1;884,7;4,26;7,88;66,3;7,592;62,23;7,89;63,8;6,3;154,2;167,1;21,44;60,37;57,92;12,18;22,82;23,25;31,31
18;191;KAPLAN;GÖLGE;M3;952,9;500;884,7;4,49;2,72;64,74;7,514;62,96;6,31;64,6;7;182;192,8;29,72;30,18;50,36;14,36;22,41;27,33;36,8
18;191;KAPLAN;GÖLGE;M4;934,4;553,3;1004,5;2,4;3,12;63,43;6,616;65,09;7,93;63,9;6,5;169,9;190,7;26,93;53,03;46,62;13,87;23;27,88;37,54
18;191;KAPLAN;GÖLGE;M14;920,9;497,1;996,9;4,35;6,85;66,32;7;62,94;5,19;64;6,6;171,9;192,6;27,61;46,94;53,35;12,79;21,9;23,85;35,43
18;191;KAPLAN;GÖLGE;M1;928,7;548,6;977,9;5,25;6,6;66,56;7,432;63,65;6,89;63;7;159,6;180,9;21,91;44,01;45,54;14,12;22,72;29,71;37,04
18;191;KAPLAN;GÖLGE;M2;979,3;562,7;960;4,87;2,7;63,92;6,609;62,29;6,47;65,1;6;163,8;188,6;20,9;44,24;54,14;13,47;22,63;25,84;33,02
18;191;KAPLAN;GÖLGE;M12;917,2;572,1;943,9;4,72;3,88;62,56;7,426;62,19;7,55;63,6;6,3;180,8;150,2;29,3;57,45;50,54;12,4;21,98;26,63;38,64
18;191;KAPLAN;GÖLGE;M13;915,3;495,5;1021,3;3,71;4,92;66,54;6,416;64,78;5,7;63,6;6,6;175,6;170,3;21,93;59,87;51,11;14,03;21,99;23,68;32,19
18;191;KAPLAN;GÖLGE;M7;985,3;496,9;906,4;4,71;5,96;63,39;7,428;63,2;6,56;63,1;6,2;144,5;205,8;20,39;44,52;56,19;12,21;21,89;23,76;36,49
18;191;KAPLAN;GÖLGE;M8;970,8;497,5;1015,8;3,17;5,18;63,8;7,454;64,57;7,41;64,1;6,3;163,9;195,4;28,3;39,43;57,37;13,96;21,67;20,64;31,82
18;191;KAPLAN;GÖLGE;M10;1000,5;515,9;964,9;4,99;4,53;66,74;7,849;62,76;5,65;65;6,2;167,7;150;21,17;30,53;46,67;14,8;22,12;22,53;37,37
18;191;KAPLAN;GÖLGE;M5;964,6;515;960,1;5,35;5,63;66,37;6,543;64,2;7,84;63,9;6,9;174,5;153,9;29,7;30,91;52,53;12,46;21,4;24,8;32,59
18;191;KAPLAN;GÖLGE;M11;967,4;509,8;897,2;4,6;8,02;63,69;6,667;63,51;6,28;65;7;172;167,8;24,48;58,12;45,76;12,38;21,38;23,37;34,89
18;191;KAPLAN;GÖLGE;M16;965,4;586,1;954,1;2,46;7,9;65,68;6,998;65,44;7,76;63,2;6,3;141,4;156,8;23,18;48,44;51,72;13,12;21,4;27,22;33,95
18;191;KAPLAN;GÖLGE;M17;949,5;526,8;938,5;3,34;8,1;62,5;7,786;65,96;5,78;63,2;6,4;174,5;180,6;26,03;46,05;52,4;12,55;22,73;26,26;37,68
18;191;KAPLAN;GÖLGE;M15;989,7;495,3;952,6;4,02;3,46;63,71;7,258;65,79;7,81;63,2;6,3;159,4;205,4;29,75;53,09;50,6;12,33;22,04;28,46;38,35
18;191;KAPLAN;GÖLGE;M6;1004,5;554,7;998,1;4,29;2,85;65,85;6,48;64,99;7,68;65,7;6,6;180;217,6;27,12;30,94;46,47;12,8;21,15;28,86;33,06
18;191;KAPLAN;GÖLGE;M9;957,1;513,7;972,3;4,01;4,35;62,91;6,541;63,06;6,49;64,8;7;175;217,3;20,3;60,62;55,25;13,14;21,11;22,01;31,33
18;191;KAPLAN;GÖLGE;M3;1008,7;531;919;3,43;3,23;64,77;7,602;65,1;7,66;63,6;6,8;168,6;157,4;23,42;47,12;49,18;13,71;22,57;21,5;32,46
18;191;KAPLAN;GÖLGE;M4;972,9;499,5;948,7;2,82;7,34;66,73;6,917;62,75;6,78;64,5;6,3;171,1;201,6;22,74;43,48;50,11;12,39;22,11;21,74;34,5
18;191;KAPLAN;GÖLGE;M14;992,2;493,7;902,8;3,19;4,14;63,92;7,267;62,73;6,93;64,4;6;147,3;181,8;24,95;38,58;57,43;15;21,11;26,35;34,67
18;191;KAPLAN;GÖLGE;M1;983;512,4;917,6;2,46;6,88;66;7,645;63,03;7,13;64,8;6,6;160,1;164,4;22,16;31,01;45,24;13,64;21,26;23,74;37,71
18;191;KAPLAN;GÖLGE;M2;908,3;506,9;994,5;5,28;5,71;66,33;6,657;63,51;7,25;64,9;6,5;149,3;167,3;28,78;48,75;49,73;13,01;21,28;28,19;39,19
18;191;KAPLAN;GÖLGE;M12;1016,3;507,3;919,3;2,93;7,96;64,03;7,366;64,16;5,73;63,2;6,4;163,8;178,6;28,04;48,73;48,45;13,31;22,12;29,99;39,61
18;191;KAPLAN;GÖLGE;M13;912,2;559,7;881,8;2,95;5,61;62,73;7,475;65,28;7,75;63,8;6,3;188,8;194,5;24,11;35,29;52,24;12,63;21,15;25,05;36,04
18;191;KAPLAN;GÖLGE;M7;949,3;490,1;1003,8;3,76;3,64;65,23;7,084;64,87;5,76;63,7;6,7;140,9;177,2;23;45,92;55;12,67;22,51;21,75;37,81
18;191;KAPLAN;GÖLGE;M8;980;538,5;883,5;4,95;7,51;65,41;6,653;65,49;7,59;65;6,5;180,5;181,4;21,5;50,99;52,15;12,23;22,69;20,25;32,77
18;191;KAPLAN;GÖLGE;M10;955,8;550,6;978,3;4,11;7,12;62,24;6,431;62,1;5,01;64,4;6,9;170,7;160,3;21,4;60,01;51,02;14,14;22,46;21,56;37,35
18;191;KAPLAN;GÖLGE;M5;961,1;565,1;928,8;5,12;6,32;62,23;7,002;63,82;7,53;66;6;169,5;191,8;26,67;35,49;52,26;14,14;22,99;28,96;34,83
18;191;KAPLAN;GÖLGE;M11;1005,3;557,1;945,4;4,97;3,49;64,18;7,48;65,37;6,62;65,1;6,9;159,5;158,1;23,24;31,62;50,23;14,55;21,21;28,42;37,26
18;191;KAPLAN;GÖLGE;M16;964,7;549,1;1013,1;5,18;6,55;64,67;7,445;63,22;7,28;64,9;6,2;156,5;207,2;27,87;44,95;47,41;14,97;21,88;25,62;38,59
18;191;KAPLAN;GÖLGE;M17;882,2;549,3;984,3;2,62;7,96;64,59;7,415;65,16;5,53;64,3;6,7;160,6;162,7;24,37;59,27;59,75;14,79;21,99;20,21;31,88
18;191;KAPLAN;GÖLGE;M15;922,5;522,2;942,7;3,43;4,49;62,69;7,325;62,66;7,77;65,7;6,2;144,2;192,3;23,45;41,96;48,85;14,08;22,43;22,19;36,5
18;191;KAPLAN;GÖLGE;M6;980,7;565,9;947;3,7;3,24;63,43;6,684;64,81;7,41;63,4;6,5;152,6;177,5;25,57;58,07;53,16;13,66;22,2;27,07;34,05
18;191;KAPLAN;GÖLGE;M9;969,6;552,9;971,3;3,39;3,92;64,85;6,729;62,35;5,87;65,8;6,1;153,9;161,8;21,94;34,61;52,55;12,23;22,4;21,85;34,93
18;191;KAPLAN;GÖLGE;M3;968,1;551,3;945;4,26;5,76;66,26;7,732;65,21;7,33;64,5;6;180,2;154;29,42;50,64;45,22;12,12;21,49;20,12;39,24
18;191;KAPLAN;GÖLGE;M4;928,7;573,9;875,6;4,71;4,73;63,4;6,519;64,73;7,67;64,8;6,5;158,6;209;24,1;44,14;50,33;12,4;22,29;23,45;39,77
18;191;KAPLAN;GÖLGE;M14;880,9;522,9;999,7;5,19;8,19;62,85;7,166;62,31;7,86;64,8;6;148,4;195,8;28,34;35,85;47,12;13,58;22,08;29,44;33,92
18;191;KAPLAN;GÖLGE;M1;960,9;577,1;920,9;4,73;4,3;62,51;7,283;64,67;6,48;63,6;6,2;174,4;191,1;29,2;64,62;53,01;12,22;22,31;25,21;34,07
18;191;KAPLAN;GÖLGE;M2;980,1;522,2;1022,8;3,85;2,65;64;7,881;65,98;6,87;63,7;6,8;169,9;197,9;21,85;44,92;57,68;13,87;21,73;24,16;36,15
18;191;KAPLAN;GÖLGE;M12;1001;536,8;906,9;4,95;7,63;66,44;6,527;62,46;6,14;65,3;6,4;147,5;213,7;23,62;51,1;56,72;14,13;22,44;21,48;39,68
18;191;KAPLAN;GÖLGE;M13;895,3;565;892,1;4,83;4,04;62,55;6,518;62,54;6,2;63,5;6,3;184,1;216,6;26,27;51,33;59,06;12,16;22,25;21,39;37,1
18;191;KAPLAN;GÖLGE;M7;953;535,7;892,8;4,98;4,66;63,17;7,908;64,85;6,18;65,3;6,9;153,1;213,1;20,51;56,49;46,16;13,37;21,18;27,54;36,75
18;191;KAPLAN;GÖLGE;M8;906,8;504,4;979,1;3,86;4,48;65,22;7,118;64,21;5,39;64,3;6,5;186,5;209,4;23,32;31,9;57,9;13,99;22,89;27;38,11
18;191;KAPLAN;GÖLGE;M10;1000,9;533,1;1026,3;5,02;5,2;62,33;7,69;65,6;7,75;63,9;6,4;176,5;164,3;20,68;60,59;45,53;13,22;21,88;23,49;38,07
18;191;KAPLAN;GÖLGE;M5;894,5;530,4;920,2;3,04;5,17;65,62;7,689;62,69;5,75;65,1;6,4;166,3;158,4;29,25;38,96;46,34;13,5;22,45;27,1;39,88
18;191;KAPLAN;GÖLGE;M11;973,9;493,1;1009;2,78;7,6;66,11;6,765;62,31;7,13;65,8;6,4;154,4;201,1;22,13;55,45;53,6;14,78;21,13;26,26;32,31
18;191;KAPLAN;GÖLGE;M16;880;559,8;876,2;5,36;8,07;65,85;6,42;65,89;5,99;64,6;6,4;183,6;183,4;24,62;64,05;55,3;13,44;21,75;26,39;37,08
18;191;KAPLAN;GÖLGE;M17;982,7;490,8;967,6;3,78;7,78;64,31;6,411;62,64;6,47;64,1;6,9;188,5;174,3;27,79;61,63;55,46;12,09;21,39;21,84;32,71
18;191;KAPLAN;GÖLGE;M15;940,7;503,6;876,6;2,8;5,83;64,6;7,367;62,53;7,59;64,5;6,4;147,7;170,1;21,8;41,53;57,59;13,61;23;21,4;32,53
18;191;KAPLAN;GÖLGE;M6;906;581;909,4;2,56;3,72;66,73;6,641;62,84;7,19;63,4;6,2;172,8;166,8;21,71;52,08;46,82;12,59;22,13;25,73;34,04
18;191;KAPLAN;GÖLGE;M9;955,1;533;1013;3,56;3,87;64,22;6,639;64,86;7,61;65,4;6,6;141,2;180,4;28,48;40,05;56,42;13,41;22,21;26;39,15
18;191;KAPLAN;GÖLGE;M3;937,7;572,9;996,1;4,15;4,57;66,45;7,855;64,41;7,88;65,1;6;169,7;176,6;25,84;62,54;56,45;12,23;22,94;29,89;38,4
18;191;KAPLAN;GÖLGE;M4;895,1;555,3;951,4;5,08;5,15;63,06;6,761;62,17;6,09;65;6;170,4;159,6;20,97;35,88;47,66;12,26;22,92;25,5;32,04
18;191;KAPLAN;GÖLGE;M14;900,2;520,3;921,8;3,83;5,26;63,17;6,871;63,69;7,06;63,2;6,5;183;203;20,87;51,08;53,39;13,74;22,85;22,55;31,5
18;191;KAPLAN;GÖLGE;M1;889,2;505,3;938,4;5,22;6,02;62,24;6,992;65,81;6,03;63,5;6,3;152,1;212,7;21,61;62,94;45,06;13,09;21,74;29,95;38,77
18;191;KAPLAN;GÖLGE;M2;911,6;573,2;983,2;4,63;6,67;65,23;7,726;65,22;5,65;64;6,2;159,5;161;24,17;36,54;57,61;12,46;21,39;28,91;32,06
18;191;KAPLAN;GÖLGE;M12;981,5;550,3;972,3;4,36;6,47;62,55;7,089;62,24;7,49;65,2;6,1;155,7;199,8;21,77;58,25;59,2;12,47;22;27,44;38,26
18;191;KAPLAN;GÖLGE;M13;888,9;505,6;1005,2;5,08;7,74;62,39;7,732;65,85;6,54;64,8;6,3;145,3;185,8;25,36;37,15;58,46;13,59;22,53;23,82;34,95
18;191;KAPLAN;GÖLGE;M7;934,6;486,1;980,8;2,82;5,29;62,77;7,392;63,33;6,01;63,6;6,1;176,9;201,4;24,86;38,37;47,32;13,42;21,79;24,16;34,46
18;191;KAPLAN;GÖLGE;M8;962,9;549,6;997,4;3,57;4,58;64,27;6,589;63,98;8;63,5;6,7;157,2;204,6;27,2;41,15;54,72;14,33;22,74;23,73;39,5
18;191;KAPLAN;GÖLGE;M10;934,3;523,3;890,7;4,24;3,69;62,45;6,727;64,4;6,34;63,4;6,8;178,4;158,6;22,82;50,36;52,21;14,81;22,65;21,95;33,69
18;191;KAPLAN;GÖLGE;M5;965,5;558,9;981,9;4,45;3,73;63,84;7,416;62,56;7,52;64,3;7;159,2;199,5;23,6;36,88;58,99;13,6;21,04;25,03;38,37
18;191;KAPLAN;GÖLGE;M11;1000,6;487,4;996,9;3,62;5,86;63,77;7,826;64,02;6,14;65,7;6,6;149,6;179,2;21,03;43,28;51,27;12,57;22,69;22,81;34,66
18;191;KAPLAN;GÖLGE;M16;878,8;515,8;918,4;4,91;8,03;62,42;7,778;62,37;6,2;65,2;6,1;154,1;166,5;29,34;61,17;49,29;13,98;21,57;28,19;37,36
18;191;KAPLAN;GÖLGE;M17;1014,9;574;1005,3;3,85;4,67;65,43;7,882;65,69;5,8;65,3;6,3;142,4;209,7;24,08;55,85;47,24;13,24;21,13;22,21;37,59
18;191;KAPLAN;GÖLGE;M15;891,6;552,3;987,1;5,32;5,46;64,73;6,857;64,93;5,33;66;6,7;188,9;213,7;24,7;46,12;52,56;13,84;22,56;29,53;35,69
18;191;KAPLAN;GÖLGE;M6;995,2;566,8;939,9;3,86;6,37;62,94;7,517;65,48;7,14;63,7;6,8;184,1;154,9;21,82;44,42;46,02;12,73;21,42;23,82;37,4
18;191;KAPLAN;GÖLGE;M9;1017;533,3;918,6;3,31;5,02;65,82;7,652;64,18;7,8;64,3;6,9;180,9;168,7;25,47;64,22;47,88;14,31;22,07;22,57;39,31
18;191;KAPLAN;GÖLGE;M3;928,5;540;957,4;4,33;4,05;63,08;7,148;65,08;5,18;64;7;177;217,1;27,18;58,69;55,13;12,97;22,05;21,96;37,08
18;191;KAPLAN;GÖLGE;M4;908,2;521,6;1018,3;3,9;2,54;62,02;7,049;64,62;5,16;65,4;6,6;158,7;206,9;25,73;35,66;46,56;14,8;21,62;25,81;38,73
18;191;KAPLAN;GÖLGE;M14;1013,5;513,2;954,3;5,47;8,08;64,8;7,175;65,13;5,27;65,2;6,1;156,2;197,6;23,83;63,59;57,57;14,42;21,11;24,47;39,83
18;191;KAPLAN;GÖLGE;M1;893,8;513,1;1001,7;2,96;3,29;63,87;6,748;64,2;7,66;65,3;6,1;167,3;183;28,13;44,36;49,12;12,79;21,41;23,5;31,88
18;191;KAPLAN;GÖLGE;M2;942,1;524,3;907,1;4,11;3,62;65,12;7,161;64,25;7,52;64,4;6,9;166,6;194,2;24,79;42,12;58,61;13,48;22,22;22,09;32,3
18;191;KAPLAN;GÖLGE;M12;980,4;525,3;886,5;3,32;4,41;64,51;7,621;62,05;6,2;65,7;6,8;188,3;162,5;24,53;43,98;50,2;13,91;22,28;26,55;35,45
18;191;KAPLAN;GÖLGE;M13;890,8;575,9;956;5,12;5,64;63,43;6,405;62,74;5,41;63,6;6,9;146,2;215,1;22,63;49,03;47,24;13,47;21,59;28,15;35,66
18;191;KAPLAN;GÖLGE;M7;996,5;548,5;907,8;5,09;6,82;65,52;7,388;65,33;5,54;65,8;6,7;189,9;194,6;28,49;63,59;57,88;12,76;21,12;29,55;31,76
18;191;KAPLAN;GÖLGE;M8;905,5;531,5;941,1;3,4;3,88;62,71;7,849;64,51;7,99;64,1;6,5;153,3;179,3;22,28;60,28;58,7;12,9;21,32;29,24;34,5
18;191;KAPLAN;GÖLGE;M10;972;536,9;874,5;3,8;3,09;63,88;7,108;63,86;7,3;64,6;7;142,7;159;26,71;30,98;54,48;12,71;22,44;22,89;38,37
18;191;KAPLAN;GÖLGE;M5;887,6;534,9;1014,5;5,33;7,28;64,75;6,727;63,96;5,14;65,8;6,7;176,1;215,7;26,34;41,24;52,57;14,27;22,63;27,94;38,64
18;191;KAPLAN;GÖLGE;M11;983,6;569,9;887,6;4,4;5,74;62,64;7,811;63,28;7,9;64,1;6,8;188,3;171,3;25,21;32,26;46,5;14,62;22,14;29,08;31,26
18;191;KAPLAN;GÖLGE;M16;982,9;552;909,6;4,62;5,06;63,37;7,069;62,77;7,07;63,3;6;140,4;195,9;20,87;33,48;57,16;12,88;21,86;22,57;32,54
18;191;KAPLAN;GÖLGE;M17;918,2;549,2;1006,5;4,95;3,46;64,75;6,817;65,94;7,98;63;6,5;149,9;185;25,63;39;49,93;12,52;21,26;25,41;34,96
18;191;KAPLAN;GÖLGE;M15;899,5;562,9;886,8;5,46;7,2;64,68;6,794;65,12;8;66;6,1;177,9;188,7;21,45;63,51;48,81;13,87;22,71;20,04;34,89
18;191;KAPLAN;GÖLGE;M6;1018,7;492,3;988;2,75;7,01;62,64;6,525;62,98;6,97;65,8;6,9;165,4;160,2;29,49;34,75;52,51;13,49;21,79;27,6;35,36
18;191;KAPLAN;GÖLGE;M9;998,9;534,9;945,5;4,17;6,27;62;7,908;63,09;6,61;63,7;6,3;145,1;196,7;23,25;31,58;48,26;13,32;22,92;23,02;36,09
18;191;KAPLAN;GÖLGE;M3;885,6;505,3;971,8;5,14;5,76;65,67;7,278;63,51;6;64,6;7;153,5;182,1;22,38;44,45;47,55;13,3;22,98;27,8;35,67
18;191;KAPLAN;GÖLGE;M4;920,2;513,4;934,3;2,64;6,96;66,8;7,819;64,28;7,86;63;6,3;161,3;216,2;21,6;38,1;52,29;13,94;22,11;21,41;37,81
18;191;KAPLAN;GÖLGE;M14;1000;588,5;1001,3;5,42;4,11;65,69;6,935;63,14;5,35;65,6;6,4;182,6;188,2;26,91;30,05;58,89;14,72;21,4;27,54;31,12
18;191;KAPLAN;GÖLGE;M1;926;519,8;1016,7;3,4;7,58;63,82;7,218;62,96;7,25;65,6;6,4;173,1;187;28,9;43,1;51,53;13,04;21,28;21,06;39,73
18;191;KAPLAN;GÖLGE;M2;1004,9;538,9;967,2;5,49;4,89;65,09;7,787;64,86;6,99;63,9;6;161,4;200,9;24,65;59,59;59,16;12,71;22,06;21,77;33,23
18;191;KAPLAN;GÖLGE;M12;940,2;524,5;888;5,13;3,81;63,01;7,308;63,77;6,18;63,8;6,9;141,5;211,8;26,12;64,22;56,21;12,33;21,73;30;32,66
18;191;KAPLAN;GÖLGE;M13;927,4;501,1;1010;4,05;7,86;64,39;6,516;62,07;7,08;63,4;6,1;152,1;192,9;21,24;51,67;52,69;12,8;21,22;28,21;39,5
18;191;KAPLAN;GÖLGE;M7;939,8;529,8;961,2;3,43;2,75;62,17;7,447;63,73;6,79;64,3;6,3;172,9;215,6;29,16;52,39;58,08;12,21;22,72;24,99;37,98
18;191;KAPLAN;GÖLGE;M8;939,1;553,6;957,2;3,59;3,05;63,84;6,742;63,7;5,96;64,4;7;189,4;153,7;20,54;48,27;52,79;13,71;21,42;26,31;34,46
18;191;KAPLAN;GÖLGE;M10;985,2;585,1;891,4;3,1;6,91;65,6;7,814;65,63;7,95;65,4;6;153,1;153,9;25,32;63,53;51,57;12,13;21,04;22,11;38,32
18;191;KAPLAN;GÖLGE;M5;983,2;534,8;897,6;4,02;6,77;65,09;7,393;62,04;6,02;63,3;6;155,9;170,8;29,24;43,86;58,05;12,88;22,52;23,89;38,14
18;191;KAPLAN;GÖLGE;M11;981,1;488,2;1026,1;5,42;6,26;63,35;7,862;63,04;7,45;65,9;6,9;170;215,6;26,46;59,83;53,67;12,32;21,86;27,65;31,97
18;191;KAPLAN;GÖLGE;M16;953,8;577,1;955,3;5,26;5,56;64,38;7,187;62,79;6,96;64,4;6,4;179,5;189,4;20,67;46,94;57,94;12,72;22,22;21,01;38,12
18;191;KAPLAN;GÖLGE;M17;942,5;545,8;1011,3;2,97;5,82;65,33;7,825;63,47;5,42;65,2;6,2;147,7;194,9;27,28;39,14;51,46;13,19;21,56;21,05;36,24
18;191;KAPLAN;GÖLGE;M15;997,6;524,3;1001,3;3,95;7,81;64,85;6,772;62,38;5,34;64;7;173,4;184,2;25,42;31,28;56,09;14,66;22,13;28,63;33,21
18;191;KAPLAN;GÖLGE;M6;935,6;579,8;939;4,44;5,3;62,41;6,762;63,75;5,76;65,1;7;144,5;203,2;25,94;34,34;53,85;12,03;22,61;23,13;34,93
18;191;KAPLAN;GÖLGE;M9;964,9;489,8;872,9;5,18;5,47;62,74;6,937;62,61;5,56;63,7;6,4;142,1;183,3;20,23;48,46;55,5;13,41;22,62;20,45;32,15
18;191;KAPLAN;GÖLGE;M3;904,6;546,1;993,5;5,47;2,82;63,74;7,128;63,2;5,22;64,1;6,9;186,8;160,9;22,91;49,77;51,71;12,88;21,22;26,23;33,94
18;191;KAPLAN;GÖLGE;M4;976,7;527,9;998,9;2,42;7,96;64,75;6,673;65,96;5,82;65,2;6;175;181;27,2;53,01;49,73;13,3;21,72;24,75;39,12
18;191;KAPLAN;GÖLGE;M14;898,6;510,3;983,2;3,66;3,4;62,71;6,986;65,99;6,84;63,5;6;163,8;203,5;28,24;57,62;47,82;12,79;21,36;26,94;34,05
18;191;KAPLAN;GÖLGE;M1;942,8;556,6;917,2;4,12;3,91;63,16;7,518;62,01;6,81;65,4;7;175,5;211,5;25,95;43,55;48,5;13,79;21,42;29,04;34,63
18;191;KAPLAN;GÖLGE;M2;972,5;496;999,4;2,75;5,94;63,71;6,843;65,45;7,11;64,4;6,6;162,1;161,2;23,87;33,44;48,19;13,14;21,78;25,33;31,91
18;191;KAPLAN;GÖLGE;M12;997,6;520,4;954;5,2;6,55;65,65;6,96;64,49;5,83;64,5;6,5;169,6;205,1;24,11;56,39;49,82;14,7;21,97;21,23;39,58
18;191;KAPLAN;GÖLGE;M13;994,3;485;1024,5;4,07;6,08;65,2;6,87;62,39;5,13;64,9;6,5;183,1;184,1;27,22;63,14;53,15;14,36;21,04;20,77;34,98
18;191;KAPLAN;GÖLGE;M7;944,2;585,2;883,2;2,92;3,43;65,54;7,175;65,57;6,25;66;6,5;160,4;172,4;21,28;62,29;56,89;14,38;21;21,86;36,8
18;191;KAPLAN;GÖLGE;M8;919,2;514,5;997,8;2,83;5,12;62,73;6,818;63,69;6,67;66;6,8;173,2;191;27,22;61,72;54,07;13,91;22,81;22,28;36,15
18;191;KAPLAN;GÖLGE;M10;939,9;586;970,4;5,13;7,53;64,76;7,482;64,89;6,73;65,3;6,3;159,2;219;26,92;54,71;58,51;12,43;22,82;25,57;37,43
18;191;KAPLAN;GÖLGE;M5;907,8;525,1;914;2,43;4,03;65,15;7,618;64,54;6,72;63,1;6,1;176,8;192,5;24,66;50,47;59,58;12,86;21,43;27,76;34,81
18;191;KAPLAN;GÖLGE;M11;1013,8;535,8;986,4;5,5;6,13;62,98;6,588;65,54;7,45;63,5;6,9;189,5;180,2;28,95;50,86;48,25;14,7;21,34;27,36;36,27
18;191;KAPLAN;GÖLGE;M16;976,6;577,5;943,9;4,67;7,77;62,91;7,805;64,97;5,17;64,6;6,2;170,2;187,3;25,82;45,78;47,69;12,27;21,47;27,97;35,58
18;191;KAPLAN;GÖLGE;M17;930,5;496,1;906,9;3,94;7,74;65,64;6,579;63,9;5,89;63,7;6,5;156,9;219,8;26,29;49,25;45,69;12;22,26;22,22;33
18;191;KAPLAN;GÖLGE;M15;1002,1;546,3;872,9;4,1;5,81;63,56;7,376;62,71;7,46;63,5;6,1;161,4;171,8;28,24;50,82;56,34;13,7;22,09;29,75;35,02
18;191;KAPLAN;GÖLGE;M6;884,4;561,1;1027,3;4,53;5,26;66,72;6,37;62,6;7,03;65,2;7;149,1;209,4;24,94;49,24;58,63;14,42;21,74;22,14;39,12
18;191;KAPLAN;GÖLGE;M9;958;580,7;939,7;2,53;6,53;62,44;7,678;64,29;6,28;63,7;6,6;153,4;198,3;28,63;39,36;46,2;13,37;22,36;24,91;39,23
18;191;KAPLAN;GÖLGE;M3;968,7;513,1;895,2;5,49;4,67;65,56;7,496;63,23;6,66;63,1;6;160,3;208,1;20,36;62,99;46,95;12,89;21,64;28,94;34,89
18;191;KAPLAN;GÖLGE;M4;998;524,3;1018,5;2,8;7,97;65,54;7,299;64,79;7,9;63,6;7;174,6;150,1;21,52;54,43;46,04;14,81;22,13;21,1;31,28
18;191;KAPLAN;GÖLGE;M14;962,6;538,2;905,2;2,86;7,78;66,37;7,511;64,97;7,86;64,5;6,1;141,3;198,7;24,34;55,33;58,38;12,28;22,83;26,7;34,12
18;191;KAPLAN;GÖLGE;M1;909,6;571,4;927,8;5,22;5,66;62,33;7,014;65,91;6,18;63;6,3;151,5;189,3;29,76;58,56;55,55;12,36;21,15;21,5;38,9
18;191;KAPLAN;GÖLGE;M2;961,5;499,1;875,4;5,46;8,11;63,58;7,077;64,97;5,47;65,9;6;175,2;200,4;23,47;53,85;50,37;13,32;22,96;25,01;31,37
18;191;KAPLAN;GÖLGE;M12;991,7;536,2;957,5;3,06;6,05;65,29;6,896;62,02;7,63;64,3;6,6;166,1;213;28,67;36,12;59,49;12,42;22,51;25,65;33,6
18;191;KAPLAN;GÖLGE;M13;882,5;494;973,7;5,26;7,32;63,09;7,842;62,87;5,95;64,1;6,3;167,6;177,2;22,1;36,73;45,76;12,78;21,03;23,75;39,4
18;191;KAPLAN;GÖLGE;M7;962,6;512,8;966,6;2,68;5,12;63,14;7,447;63,45;7,9;64,5;6,6;160;207,8;21,02;39,91;47,19;14,23;22,13;23,05;37,09
18;191;KAPLAN;GÖLGE;M8;917,9;512,8;959,7;5,08;7,89;65,95;7,863;64,46;6,47;65,9;6,4;164,9;207,7;23,43;53,77;55,16;14,13;22,97;26,69;36,08
18;191;KAPLAN;GÖLGE;M10;880,1;501,3;966,9;2,91;8;66,73;7,105;62,88;6,74;63,7;6,3;184,6;156,2;24,78;60,44;56,35;14,19;22,03;24,25;32,9
18;191;KAPLAN;GÖLGE;M5;894,8;561;878,7;3,94;6,18;62,35;7,206;62,7;7,44;63,5;6,5;166,6;189,3;25,65;51,42;57,54;12,71;22,78;24,38;31,28
18;191;KAPLAN;GÖLGE;M11;915,8;580,3;994,7;2,88;7,28;63,41;7,401;65,95;5,07;63,8;6,6;167,7;156,9;21,89;35,78;45,7;13,71;21,35;26,25;36,55
18;191;KAPLAN;GÖLGE;M16;910,3;523;1020,4;2,57;3,81;62,49;6,483;65,6;7,73;64,7;6,7;164,5;157,7;27,68;41,99;53,9;12,29;22,11;29,27;37,39
18;191;KAPLAN;GÖLGE;M17;1013;554,5;906,4;2,53;7,96;62,93;7,111;63,25;6,16;63,1;6,2;179,3;174,1;28,83;35,98;57,98;14,24;22,35;21,31;31,12
18;191;KAPLAN;GÖLGE;M15;884,9;587,3;993,3;3,04;5,44;65,56;7,141;64,28;6,22;64,4;6,8;149,1;214,9;20,31;43,88;46,75;14,5;22,68;29,12;33,52
18;191;KAPLAN;GÖLGE;M6;1011,2;555,4;917,9;2,78;4,91;63,7;7,734;63,05;6,42;65,5;6;169,5;198,7;29,31;35,56;54,06;12,74;21,29;26,8;39,69
18;191;KAPLAN;GÖLGE;M9;993,5;518,7;889;5,05;7,69;62,5;7,504;64,71;7,7;64,8;6,9;165,1;192,5;23,48;57,67;55;13,6;21,98;22,12;39,45
18;191;KAPLAN;GÖLGE;M3;944,5;489,8;940,7;3,08;5,65;64,5;6,401;63,17;7,97;65;6,7;159,5;155,1;27,51;40,17;52,41;12,27;22,56;24,12;38,73
18;191;KAPLAN;GÖLGE;M4;942;526,5;922,7;3,06;3,48;65,13;6,755;62,56;5,77;63,6;6,9;180,4;153;28,14;43,69;46,07;14,07;22,07;28,07;37,38
18;191;KAPLAN;GÖLGE;M14;1002,6;574,5;935,7;3,44;3,34;63,74;7,498;64,16;5,74;64,6;6,7;186,1;191,2;20,11;32,95;57,47;14,47;22,24;24,06;38,03
18;191;KAPLAN;GÖLGE;M1;899,1;530,2;957;3,44;6,06;66;6,59;65,89;7,45;64;7;166,6;190,3;22,93;41,39;54,48;12,88;21,18;24,09;33,52
18;191;KAPLAN;GÖLGE;M2;878,9;564,9;1013,7;2,9;3,01;65;6,883;65,82;7,41;64,2;6,3;186,4;152,1;22,92;41,71;57,54;12,33;22,07;21,9;38,63
18;191;KAPLAN;GÖLGE;M12;887,6;519,9;1008,5;4,45;3,75;63,65;7,416;65,45;7,9;64,5;6,5;162,1;176,5;24,69;41,68;52,38;12,01;22,15;21,66;38,07
18;191;KAPLAN;GÖLGE;M13;894,3;548,4;979,8;3,51;5,17;66,37;7,05;62,88;5,33;63,7;6,3;182,4;170,7;22,4;47,38;56,26;15;22,72;26,95;32,34
18;191;KAPLAN;GÖLGE;M7;980,7;585,3;890,7;3,25;5,05;63,31;6,864;62,68;7,95;63,9;6,5;156,8;182,6;25,17;43,11;57,52;14,26;21,4;25,47;38,14
18;191;KAPLAN;GÖLGE;M8;922,7;507,8;1000,7;5,33;3,32;62,72;7,58;65,16;7,14;63,8;6,1;157,6;171,3;28,82;55,17;46,09;14,5;22,11;26,33;32,09
18;191;KAPLAN;GÖLGE;M10;991,3;486,1;962,5;4,26;6,27;64,47;6,45;65,16;7,07;64,5;6,1;161,2;212,9;28,38;62,62;59,39;14,73;21,55;29,77;37,68
18;191;KAPLAN;GÖLGE;M5;912,1;584,5;890,4;2,94;3,74;62,39;7,473;65,03;6,15;65;6,9;182,6;215,8;26,26;40,8;47,4;13,2;21,16;29,63;32,62
18;191;KAPLAN;GÖLGE;M11;951,2;573,6;970,8;3,71;6,44;64,65;7,567;65,86;7,07;65,4;6,6;157,7;206,1;25,3;35,59;49,32;14,9;21,75;23,34;34,08
18;191;KAPLAN;GÖLGE;M16;913,8;491,4;970;3,26;3,09;66,52;6,788;64,52;7,44;65,1;6,6;180,9;206,6;24,98;34,64;45,2;14,33;22,2;23,51;32,97
18;191;KAPLAN;GÖLGE;M17;954,8;509,4;935,6;4,43;7,83;64,64;7,691;63,58;5,91;63,8;6,7;182,4;193,7;20,12;54,62;54,25;14,34;21,63;24,42;36,18
18;191;KAPLAN;GÖLGE;M15;986;586,6;970,2;4,8;2,87;65,85;6,834;65,82;7,04;65,6;6,1;175,5;199,2;24,21;32,82;57,3;12,94;22,19;24,85;38,29
18;191;KAPLAN;GÖLGE;M6;951,3;543;926,9;3,32;6,85;62,31;6,694;63,7;6,25;65,4;6,8;162,6;214,6;20,07;59,74;53,09;14,02;22,51;21,37;39,92
18;191;KAPLAN;GÖLGE;M9;939,2;577,5;997,9;5,31;2,52;65,96;6,629;64,3;7,32;63,3;6,5;167,3;163,1;29,61;38,26;45,14;13,59;21,14;28,86;34,91
18;191;KAPLAN;GÖLGE;M3;1010;557,4;890,8;3,14;3,72;65,46;7,785;62,14;5,21;64,9;6,5;167,7;216,8;23,56;44,08;52,09;12,56;21,75;27,37;36,19
18;191;KAPLAN;GÖLGE;M4;980,8;499,8;1010,1;4,77;5,58;63,16;6,678;65,72;6,48;63;6,9;187,3;176,6;28,3;62,27;45,74;14,23;21,74;28,87;38,09
18;191;KAPLAN;GÖLGE;M14;935,7;525,6;983,9;4,96;3,19;63,24;7,194;62,9;7,79;65,9;6,9;158;168,9;20,64;39,86;48,36;14,79;22,68;21,5;31,71
18;191;KAPLAN;GÖLGE;M1;982,2;557,7;927,9;2,83;4,35;64,53;6,632;63,26;5,98;63,5;6,3;187,5;204,5;23,82;61,25;48,69;13,46;22,45;21,47;39,32
18;191;KAPLAN;GÖLGE;M2;890,3;584,8;878,9;5,48;6,26;64,06;6,516;63,38;7,49;65,5;6,6;184,6;158,1;27,69;63,29;50,28;13,06;21,55;24;39,43
18;191;KAPLAN;GÖLGE;M12;877,5;576;895;4,69;7,87;64,79;6,92;63,1;5,94;63,1;6,7;182,5;200,8;24,27;61,49;57,52;14,72;22,07;29,48;37,46
18;191;KAPLAN;GÖLGE;M13;916,5;570,7;882,9;2,53;5,03;64,62;6,626;62,83;7,09;64,4;6,5;163,4;198,2;29,7;52,08;45,2;13,73;22,03;25,08;36,29
18;191;KAPLAN;GÖLGE;M7;910;588,3;969,7;3,52;7,07;66,46;7,282;62,45;6,91;63,4;6;159,2;151,9;26,72;33,84;59,3;14,34;22,6;23,84;31,88
18;191;KAPLAN;GÖLGE;M8;1003,1;492,8;1019,8;3,72;8,14;64,15;7,095;63,49;7,52;63,3;6,9;179,5;195,3;23,32;43,11;59,84;12,22;22,59;28,23;36,29
18;191;KAPLAN;GÖLGE;M10;1016,7;571,8;984,6;4,5;5,2;65,36;7,218;62,06;5,63;65,7;6,4;159,2;160,4;20,88;39,6;46,12;13,27;21,83;27,22;32,42
18;191;KAPLAN;GÖLGE;M5;1012,2;579;912,2;2,59;8,12;66,59;6,495;63,53;6,34;65,7;7;186,8;181,8;20,19;31,94;59,21;13,2;22,63;29,53;32,74
18;191;KAPLAN;GÖLGE;M11;1007,8;488,8;909,6;3,32;2,86;63,25;7,056;62,62;5,68;63,8;6,3;142,1;158,5;20,34;58,63;57,78;12,51;22,41;21,36;39,62
18;191;KAPLAN;GÖLGE;M16;883,3;504;1024,4;2,79;3,82;66,42;7,386;64,64;6,13;65,5;6,2;180,2;211,7;20,44;42,66;49,63;14,46;21,66;26,95;37,64
18;191;KAPLAN;GÖLGE;M17;867,5;486,3;887,8;5,24;6,21;64,19;7,133;64,31;6,79;65,4;6,8;167,9;198,4;27,87;50,37;45,86;14,21;21,31;20,88;35,3
18;191;KAPLAN;GÖLGE;M15;915,6;570,6;911,2;4,04;4,75;64,7;7,785;65,07;5,43;64,6;6,2;187,1;152;26,97;31,45;51,43;13,93;21,36;26,12;35,52
18;191;KAPLAN;GÖLGE;M6;1003,3;573,8;999,2;4,33;3,15;64,45;6,853;65,73;6,47;64,9;6,1;180,3;198,3;26,48;37,91;59,97;13,46;22,71;27,78;39,99
18;191;KAPLAN;GÖLGE;M9;895,5;509,9;922,8;3,06;2,56;62,5;7,821;64,4;5,61;65,4;6,3;158,3;213,4;29,18;34,04;47,34;14,34;21,85;27,78;33,97
18;191;KAPLAN;GÖLGE;M3;980,8;528,6;947,4;5,04;5,02;62,94;7,306;63,76;6,42;65,2;7;147,6;169,9;22,11;33,03;56,53;13,56;21,85;27,2;34,65
18;191;KAPLAN;GÖLGE;M4;910,5;534,5;995,1;5,24;5,71;65,58;6,717;64,94;5,66;64;6,3;176,8;193,7;28,02;52,4;55,81;14,03;21,91;25,85;32,55
18;191;KAPLAN;GÖLGE;M14;997,7;492,3;954,5;4,01;3,53;66,28;7,357;65,73;6,7;65,8;7;143,8;172,8;25,15;47,5;59,91;12,08;22,85;28,52;37,76
18;191;KAPLAN;GÖLGE;M1;956,6;513,9;951,5;3,47;6,63;63,32;7,537;64,29;7,67;63,6;6,8;158;203,5;28,23;32,17;59,42;12,95;21,11;20,21;33,91
18;191;KAPLAN;GÖLGE;M2;937,9;532,7;886,4;3,88;6,54;62,72;7,543;64,37;5,26;65,3;6,5;151,6;215,9;27,66;59,69;56,44;13,09;21,34;27,66;33,27
18;191;KAPLAN;GÖLGE;M12;976,5;581;907,6;4,02;4,37;64,51;6,773;62,63;7,7;65,7;6,6;183,5;173,6;20,99;58,03;52,23;14,72;21,41;22,09;31,62
18;191;KAPLAN;GÖLGE;M13;908,6;503,7;946,2;4,66;5,88;62,71;6,748;63,4;6,06;65,4;6;172,7;199;21,35;37,36;50,67;14,41;22,29;24,47;33,36
18;191;KAPLAN;GÖLGE;M7;994,5;516,2;1026,3;3,01;4,71;63,27;6,781;65,53;6,94;64,8;6,7;174,8;173,1;29,24;62,32;56,99;14,84;22,3;28,99;35,65
18;191;KAPLAN;GÖLGE;M8;889,2;539,4;876,9;2,81;5,77;63,5;6,479;64,86;7,15;63,4;6,5;173,3;154,7;20,39;53,7;47,78;12,81;21,74;22,56;36,39
18;191;KAPLAN;GÖLGE;M10;885,9;553,4;893,9;2,58;4,08;62,5;6,94;63,73;5,63;65,8;6,7;155,9;187;28,79;40,22;53,41;14,06;21,62;23,39;37,38
18;191;KAPLAN;GÖLGE;M5;956,7;519,6;871,5;3,73;4,16;62,72;7,476;64,93;6,39;65,7;6,5;156,4;179,8;23,69;54,76;52,24;13,84;21,18;28,68;37
18;191;KAPLAN;GÖLGE;M11;952,1;568,5;965,4;2,53;7,71;62,64;7,031;65,15;7,73;63,3;6,1;146,1;167,7;20,48;43,54;59,1;12,6;21,64;25,55;32,65
18;191;KAPLAN;GÖLGE;M16;1017,9;541,6;994,2;3,18;7,26;64,9;6,751;63,94;6,4;64,2;7;154,7;187,8;23,02;51,96;58,91;12,28;22,1;29,76;38,28
18;191;KAPLAN;GÖLGE;M17;1010,9;504,2;1001,7;4,23;8,12;65,39;7,125;63,9;7,14;65;6,1;154,5;196;25,14;54,18;54,63;13,39;21,73;21,27;36,79
18;191;KAPLAN;GÖLGE;M15;948,2;563,8;994,4;4,18;4,68;63,79;7,738;64,05;5,09;64,3;6,1;156,8;183,2;21,15;62,77;52,47;13,09;21,86;26,7;32,55
18;191;KAPLAN;GÖLGE;M6;891,1;558,3;920,8;3,15;3,44;62,74;7,202;62,64;7,35;65,9;6,7;166,6;201,1;23,76;31,69;55,65;14,17;22,48;29,34;31,97
18;191;KAPLAN;GÖLGE;M9;874,6;563,1;927,9;5,39;4,71;62,5;6,801;64,43;7,95;64,7;6,4;156,5;207,2;28,68;54,63;54,19;13,78;21,04;25,44;37,9
18;191;KAPLAN;GÖLGE;M3;1005,6;552,4;955,2;5,13;3,72;64,33;7,26;63,37;7,5;63,9;6,2;165,4;194;24,76;61,16;51,86;13,04;21,89;27,5;38,57
18;191;KAPLAN;GÖLGE;M4;1005,7;522,9;907,3;4,84;6,38;65,36;6,783;63,74;6,68;65,8;6,7;142,2;162,3;20,69;30,56;54,29;12,24;22,12;27,13;32,7
18;191;KAPLAN;GÖLGE;M14;894;517,4;969,2;5,27;4,3;66,56;7,41;65,03;7;64,3;6,5;180;214,6;27,95;59,09;50,37;14,1;21,75;21,06;36,39
18;191;KAPLAN;GÖLGE;M1;881,7;565,3;883,5;2,71;7,35;64,1;7,053;63,39;5,41;65,4;6,7;189,4;185,6;21,35;61,35;47,33;13,66;22,63;22,94;39,79
18;191;KAPLAN;GÖLGE;M2;871,6;500,8;994,6;5,33;7,12;62,63;6,866;62,85;7,19;65,3;6,1;171,8;208,6;27,93;39,12;55,49;13,07;21,01;27,69;33,13
18;191;KAPLAN;GÖLGE;M12;967,1;572;980,6;2,75;7,58;65,35;6,402;64,54;5,57;65;6;188,5;212,8;21,02;58,85;49,47;12,98;22,91;22,91;38
18;191;KAPLAN;GÖLGE;M13;910,7;498;952,2;2,74;2,69;62,9;7,634;62,37;5,15;63,4;6,8;161;159,9;21,12;63,28;45,75;13,6;21,13;20,61;37,74
18;191;KAPLAN;GÖLGE;M7;930,3;587,3;963,6;3,77;5,97;63,94;7,667;65,21;6,11;65,7;6,9;186,7;157,8;23,68;54,06;46,62;12,02;21,09;21,27;38,64
18;191;KAPLAN;GÖLGE;M8;910,7;570,4;904,7;5,1;5,81;65,02;7,65;63,44;7,26;63,1;6,1;183,3;198,2;20,49;38,29;54,91;13,33;22,93;26,64;33,41
18;191;KAPLAN;GÖLGE;M10;880,1;534,1;916,2;5,08;2,87;65,88;7,617;65,25;7,27;65,4;6,3;163,7;152,7;23,39;63,6;46,3;12,19;21,95;27,76;34,98
18;191;KAPLAN;GÖLGE;M5;967,5;588,5;1024,5;5;7,24;62,67;7,741;65,48;5,9;64,3;6,7;165,7;162,9;22,85;58,81;46,77;14,54;21,91;28,85;36,22
18;191;KAPLAN;GÖLGE;M11;978,3;519,3;975,7;2,91;4,91;66,36;7,491;62,63;6,01;64,3;6,4;157,9;185,7;22,79;32,78;49,49;13,28;22,52;23,69;33,43
18;191;KAPLAN;GÖLGE;M16;994,6;550,7;876,7;4,88;5,98;65,06;7,785;64,05;6,87;63,2;6,1;148,1;154,2;27,18;34,17;53,25;14,63;21,73;21,97;33,57
18;191;KAPLAN;GÖLGE;M17;1002,9;575,6;946,7;4,58;8,02;62,58;7,409;64,49;6,05;64,5;7;148,1;171,5;21,66;64,71;56,95;13,54;21,57;28,82;35,71
18;191;KAPLAN;GÖLGE;M15;923,1;529,5;899,1;3,64;3,34;65,66;6,58;65,07;5,45;65,3;6,9;188;191,9;21,48;33,58;55,99;13,17;22,64;22,46;34,92
18;191;KAPLAN;GÖLGE;M6;893,9;536,1;918,1;4,7;2,84;62,92;7,65;63,39;5,03;64,7;6,6;152,9;210,1;26;58,92;53,02;14,84;22,6;29,02;39,65
18;191;KAPLAN;GÖLGE;M9;981,7;504,3;899,2;3,08;2,78;63,02;7,416;63,26;5,25;64,1;6,6;148,9;189,5;28,36;30,25;48,68;12,89;22,28;29,84;39,7
18;191;KAPLAN;GÖLGE;M3;899,5;508,8;929,2;4,83;2,65;64,05;7,036;65,61;5,61;64,7;7;179,2;213,2;20,9;58,4;47,67;14,96;22,14;25,87;33,85
18;191;KAPLAN;GÖLGE;M4;954,1;513,9;873,8;4,36;6,12;65,28;6,971;64,63;5,59;65,2;6,2;172,3;169,3;29,12;34;47,69;14,92;21,41;26,14;32,19
18;191;KAPLAN;GÖLGE;M14;946,7;547,3;932,5;4,96;3,2;65,41;6,752;65,56;6,9;63,5;6,7;180;173,5;21,77;64,74;53,79;13,8;21,79;23,38;37,07
18;191;KAPLAN;GÖLGE;M1;881,3;546,6;924,7;2,68;4,74;62,73;6,418;64,2;8;63,6;7;172,7;176,7;21,76;30,03;58,25;13,08;21,76;24,15;37,22
18;191;KAPLAN;GÖLGE;M2;944,3;528,2;880,4;4,47;5,64;62,84;7,699;63,11;6,75;63,2;6,9;166,5;197;26,69;60,33;46,09;12,72;22,43;26,16;38,12
18;191;KAPLAN;GÖLGE;M12;873,1;561,2;958,5;4,82;5,67;62,25;6,403;62,71;7,47;64,4;6,7;178,9;154,1;26,54;64,65;52,63;13;22,21;29,05;39,16
18;191;KAPLAN;GÖLGE;M13;908,8;586,4;995,1;3,11;4,26;66,77;6,584;63,97;6,04;63,8;6,9;173,7;168,7;29,98;34,02;46,72;13,76;22,67;25,66;32,42
18;191;KAPLAN;GÖLGE;M7;991,6;501,4;999,4;3,38;4,12;65,84;7,751;62,01;5,42;63,3;6,3;184,5;150,6;24,58;57,23;59,96;14,83;21,38;26,62;34,52
18;191;KAPLAN;GÖLGE;M8;901,7;574,8;967,3;2,52;5,96;62,65;7,469;64,46;5,7;63,7;6,7;141;200,6;28,47;48,51;50,65;12,91;22,26;28,44;36,26
18;191;KAPLAN;GÖLGE;M10;961,7;562,6;929,5;3,47;6,99;63,25;6,653;63,26;6,26;65,6;6,3;149,5;151,2;26,88;38,37;51,9;12,09;21,12;25,12;32,25
18;191;KAPLAN;GÖLGE;M5;925,4;520,7;975;4,42;5,24;63,36;7,476;62,17;7,51;64;6,4;142;172,7;27,38;33,67;59,35;12,11;21,75;25,7;38,84
18;191;KAPLAN;GÖLGE;M11;870,4;576,8;1009,9;4,74;4,79;65,95;7,678;62,59;7,27;65,6;6,9;176,1;154,7;20,26;49,97;56,55;12,96;21,15;27,2;39,88
18;191;KAPLAN;GÖLGE;M16;950,1;558,6;908,7;5,22;7,86;62,27;6,947;63,39;5,4;64,5;6,9;182,2;156,2;26,8;45,61;50,26;12,31;22,68;22,64;36,99
18;191;KAPLAN;GÖLGE;M17;972,6;557,8;1009,9;4,34;6,79;66,52;7,69;63,89;5,12;64,1;6,3;184,4;152,1;27,66;58,99;50,66;12,53;22,25;23,21;35,25
18;191;KAPLAN;GÖLGE;M15;931,4;539,7;905;4,24;5,47;65,1;7,432;65,01;7,47;63,8;6,6;163,4;200,8;27,25;34,85;57,6;14,81;21,39;28,74;36,48
18;191;KAPLAN;GÖLGE;M6;933,1;488,1;933,7;5,13;4,45;62,62;7,007;62,67;7,79;65,2;6,7;183,4;218,9;26,39;42,16;58,37;12,58;21,08;20,1;36,93
18;191;KAPLAN;GÖLGE;M9;916,4;510,8;888,8;3,5;8;63,91;7,863;64,01;7,48;63,8;6,7;175;176,2;28,13;32,25;47,05;12,17;22,14;29,26;39,74
18;191;KAPLAN;GÖLGE;M3;962,2;573,5;963,2;5,41;3,27;62,11;7,241;65,73;7,73;63,2;6,6;160,3;188,3;28,13;57,3;49,43;12,84;21,89;20,72;34,85
18;191;KAPLAN;GÖLGE;M4;959,3;585,7;1014,6;3,76;7,58;66,78;6,822;65,45;7,08;64,3;6,7;159,1;196,1;21,99;64,39;52,14;13,42;21,05;21,85;35,05
18;191;KAPLAN;GÖLGE;M14;990,4;588,8;926,5;4,2;7,97;64,15;7,574;64,01;7;63,5;6,6;179,9;174,7;22,1;37,2;54,2;13,58;22,84;29,07;40
18;191;KAPLAN;GÖLGE;M1;895,5;494,6;876,1;4,13;4,14;62,04;7,7;63,46;7,27;65,4;6,2;177,3;215,8;23,48;36,08;54,57;13,2;22,73;26,79;39,32
18;191;KAPLAN;GÖLGE;M2;964,1;575;999,1;4,09;6,59;64,83;7,444;65,5;5,67;63;6,9;176,8;176,3;28,28;47,38;56,85;13,35;22,41;28,35;31,17
18;191;KAPLAN;GÖLGE;M12;975,1;525,5;995,2;4,91;5,38;64,2;6,446;65,12;7,93;64,4;6;169,8;219,4;28,06;39,74;50,58;13,19;22,61;20,34;38,98
18;191;KAPLAN;GÖLGE;M13;958;513,5;913,3;4,88;6,65;63,3;7,561;63,2;5,55;63,9;6,3;159,7;199,5;27,36;40,54;46,11;14,35;22,21;28,97;31,56
18;191;KAPLAN;GÖLGE;M7;1009;491,3;922,7;2,72;6,03;62,75;7,786;62,45;7,58;63,4;6,3;151,5;189;25,88;45,48;57,27;14,89;22;21,33;31,23
18;191;KAPLAN;GÖLGE;M8;976,3;556,4;946,5;3,12;5,24;63,1;7,317;65,55;6,72;64,6;6,9;167,6;190,2;24,27;37,62;56,01;12,41;21,95;25,71;32,59
18;191;KAPLAN;GÖLGE;M10;928,3;516,2;1004,3;2,89;2,93;66,33;7,866;65,55;5,19;64,9;6,7;173,9;213,4;22,39;31,82;46,38;14,11;22,11;24,96;31,57
18;191;KAPLAN;GÖLGE;M5;998,8;514;899,7;4,42;5,03;65,29;6,476;62,59;6,03;65,5;7;184,2;182,1;27,4;40,63;47,47;14,27;21,69;23,36;38,42
18;191;KAPLAN;GÖLGE;M11;876,7;576,4;915,4;2,81;5,24;62,3;7,486;63,29;5,39;63,1;6,5;165,7;205,6;22,02;56,78;50,66;12,61;22,94;27,79;38,71
18;191;KAPLAN;GÖLGE;M16;948,1;574,5;947;3,07;5,72;64,56;7,236;65,49;6,53;64,9;6,1;151,2;160,1;27,94;38,81;49,71;12,37;22,12;28,31;32,4
18;191;KAPLAN;GÖLGE;M17;981,7;524,2;879,7;3,3;3,71;65,12;6,62;63,5;5,54;63,1;6,8;162,8;150,9;23,19;32,12;49,47;14,17;21,32;27,21;38,82
18;191;KAPLAN;GÖLGE;M15;973,8;507,6;896,9;2,68;3,88;65,41;6,614;63,45;6,11;65,5;6,9;185,3;180,4;23,5;48,19;55,87;14,66;22,17;26,13;34,88
18;191;KAPLAN;GÖLGE;M6;1011,9;536,4;963;3,26;3,73;63,19;7,61;65,65;5,43;65,8;6,4;173,8;185,9;24,08;57,17;49,74;12,33;21,25;20,6;31,26
18;191;KAPLAN;GÖLGE;M9;975;576,7;939,8;2,93;7,3;62,22;7,015;64,49;5,49;66;6,9;169,7;185,5;25,82;41,18;51,56;14,77;21,05;23,54;36,98
18;191;KAPLAN;GÖLGE;M3;869,8;492,8;935,9;3,55;7,22;62,21;6,463;65,42;7,08;65,7;6;144,5;165,7;24,8;38,79;53,55;12,91;21,31;25,37;39,44
18;191;KAPLAN;GÖLGE;M4;1004,9;504,1;1023,3;4,42;4,53;64,2;7,705;62,9;6,65;63,7;6,3;169,5;219,3;26,29;32,15;52,74;14,07;21,12;28,07;35,13
18;191;KAPLAN;GÖLGE;M14;980,3;569;1019,4;4,08;5,8;62,86;6,655;63,49;5,95;64,7;6,6;148,5;195,6;23,76;30,18;55,68;12,12;21,17;29,82;34,85
18;191;KAPLAN;GÖLGE;M1;959,3;516,6;949,5;4,9;5,63;65,95;6,641;63,18;5,99;65,9;6,1;152,7;162,2;25,5;58,45;45,95;14,6;22,89;21,12;31,88
18;191;KAPLAN;GÖLGE;M2;993,1;508,3;999,3;4,94;4,19;65,21;7,632;63,6;5,07;64,9;6,2;145,4;181,2;24,07;35,26;59,33;14,96;21,94;26,95;36,02
18;191;KAPLAN;GÖLGE;M12;867,8;521,8;916,9;2,43;4,85;63,7;7,517;62,71;7,58;64,4;7;176,9;191,1;22,7;30,25;55,58;12,01;21,28;29,13;32,6
18;191;KAPLAN;GÖLGE;M13;944;555,4;892,2;3,32;3,41;62,11;6,744;63,69;6,11;63,8;6,1;181,4;205,9;28,77;55,59;49,89;14,76;21,66;29,77;34,76
18;191;KAPLAN;GÖLGE;M7;987,9;508,6;986,5;3,32;7,22;66,03;7,622;63,15;5,55;64,6;6,3;174,5;204,8;27,26;50,36;54,46;12,53;22,58;29,12;38,41
18;191;KAPLAN;GÖLGE;M8;904,5;571,3;935,5;3,74;8,04;64,31;6,588;64,37;7,36;65,4;6,3;143,5;164,6;26,4;51,74;46,09;12,2;22,61;29,88;36,19
18;191;KAPLAN;GÖLGE;M10;868,9;573,8;1004,8;2,94;6,65;64,41;7,739;62,06;5,31;64,6;6,8;140,7;180,8;28,02;56,31;51,03;13,19;21,29;29,5;39,9
18;191;KAPLAN;GÖLGE;M5;867;488,9;934,1;4,44;5,81;64,48;6,72;63,41;5,88;63,1;6,9;146,7;183,1;21,64;41,02;45,18;14,92;21,53;21,67;36,12
18;191;KAPLAN;GÖLGE;M11;971,9;525,1;977;4,55;6,48;63,61;7,481;62,9;6,22;63,6;7;189,9;213,6;27,57;52,81;46,09;13,93;21,36;28,67;32,75
18;191;KAPLAN;GÖLGE;M16;913,3;573,8;946,4;2,99;5,83;65,04;7,193;65,13;7,84;65,4;6;154,5;160,1;29,34;38,13;53,75;14,05;22,57;29,95;35,25
18;191;KAPLAN;GÖLGE;M17;981,2;557,1;963,4;3,44;3,5;65,69;6,786;62,1;5,46;63,1;6,7;150,2;194,5;24,6;37,11;55,42;14,83;22,02;29,55;38,62
18;191;KAPLAN;GÖLGE;M15;886,2;514,7;899,5;2,68;3,19;62,78;7,491;65,8;7,09;64,6;6,8;182,8;155,9;25,27;59,1;57,94;13,53;22,97;26,5;33,32
18;191;KAPLAN;GÖLGE;M6;888,4;533,4;1026,2;2,47;6,77;63,49;7,6;65,16;6,23;64,2;6,1;172,4;219,9;22,79;51,38;50,5;13,35;22,24;24,65;37,32
18;191;KAPLAN;GÖLGE;M9;928,7;519,5;877,9;5,43;5,42;63,37;6,36;64,59;7;63,9;6,8;165,6;199,1;26,42;38,21;59,42;12,84;22,5;24,82;39,25
18;191;KAPLAN;GÖLGE;M3;890,8;582,5;961,5;5,12;5,6;65,09;6,971;65,86;7,45;65,9;6,9;180,2;211,4;24,83;64,1;54,28;13,73;21,51;28,34;38,09
18;191;KAPLAN;GÖLGE;M4;948;575,5;966,8;3,9;7,44;65,78;6,764;63,54;6,46;63,2;6,3;184,7;166,9;22,49;59,78;54,86;12,71;21,69;29,71;35,27
18;191;KAPLAN;GÖLGE;M14;1004,8;566,7;883,5;4,54;4,86;66,18;6,677;62,76;5,29;65,5;6,8;145;168,3;28,95;61,46;46,56;12,1;22,59;28,35;37,95
18;191;KAPLAN;GÖLGE;M1;883,9;529;891,3;3,52;3,67;64,16;6,367;62,53;7,36;65,2;6,8;161,7;193,9;22,64;60,38;49,51;14,51;22,65;28,11;38,87
18;191;KAPLAN;GÖLGE;M2;987;554,7;997,3;3,41;5,63;64,55;7,549;65,27;5,29;64,1;6;156,1;165,4;20,74;37,48;59,41;12,89;21,55;28,96;35,17
18;191;KAPLAN;GÖLGE;M12;971,6;569,5;909,9;4,03;5,21;65,17;6,988;62,59;5,72;63,7;6;182,3;157,4;28,6;34,96;57,92;13,08;21,37;25,06;37,96
18;191;KAPLAN;GÖLGE;M13;876,1;494,2;943,8;3,28;4,15;63,52;7,738;62,77;5,78;65,5;6,3;183,5;205,5;28,55;46,32;46,88;12,59;21,82;27,44;34,05
18;191;KAPLAN;GÖLGE;M7;1011,4;525;1003,8;4,67;7,53;64,05;6,45;64,81;6,25;63,8;6,3;144,5;190,3;23,32;53,18;59,75;14,71;22,03;26,04;38,42
18;191;KAPLAN;GÖLGE;M8;990,6;515,4;1007,4;5,47;3,9;64,51;6,386;64,31;8;65,1;6,6;156,5;214,3;28,68;59,07;50,74;12,25;21,8;20,68;39,7
18;191;KAPLAN;GÖLGE;M10;921,3;570;950,3;4,08;5,67;62,46;7,267;63,38;5,37;65,3;6,6;167;164;24,22;62,73;47,1;12,99;22,73;21,45;32,47
18;191;KAPLAN;GÖLGE;M5;991,1;493,7;943,5;2,93;2,59;65,72;7,624;64,53;6,32;63,8;6,7;163,4;195;29,99;56,84;49,08;12,52;22,14;22,06;34,52
18;191;KAPLAN;GÖLGE;M11;920,7;552,4;924,6;2,89;3,55;63,77;7,185;62,84;5,45;65,9;6,1;171;158,5;28,88;49,89;47,41;14,29;21,29;28,22;34,04
18;191;KAPLAN;GÖLGE;M16;999,4;490,8;1023,3;2,59;6,08;62,83;7,173;65,3;6,85;63;6,2;173,5;191,7;21,03;36,16;51,02;13,15;22,05;20,49;31,41
18;191;KAPLAN;GÖLGE;M17;982,5;526,8;872;3,24;4,38;63,76;6,511;65,5;7,35;65;6,6;159,7;215,2;27,62;43,33;49,26;12,5;21,49;24,57;32,53
18;191;KAPLAN;GÖLGE;M15;957,3;578,4;913,4;3,49;5,47;65,27;7,252;62,92;5,59;64,8;6,2;189,9;218,7;22,5;50,56;45,04;14,13;22,8;22,87;33,51
18;191;KAPLAN;GÖLGE;M6;992;513,9;946,1;3,42;3,11;65,14;6,886;65,22;5,75;64,3;6,7;173,6;215,9;23,79;35,35;51,81;13,85;21,02;26,91;32,73
18;191;KAPLAN;GÖLGE;M9;889,4;564,7;1021,1;3,37;5,06;64,42;7,166;65,78;7,78;64;6,1;158,7;181,6;25,54;50,93;46,97;13,94;22,94;24,53;39,73
18;191;KAPLAN;GÖLGE;M3;913,9;558,3;928,4;3,14;4,6;66,19;6,495;62,67;5,33;65,9;6,4;141,3;219,2;25,37;33,92;56,51;12,34;21,97;23,5;38,79
18;191;KAPLAN;GÖLGE;M4;913,5;576,4;921,4;4,81;4,26;64,4;7,578;64,38;7,98;64,2;6,9;163,8;171,9;26,06;38,47;56,17;13,16;22,54;22,95;38,02
18;191;KAPLAN;GÖLGE;M14;930,2;581,5;976,4;2,42;6,82;65,1;7,651;63,53;6,76;64,6;6,3;162,5;161,5;20,04;38,08;47,56;12,75;21,25;22,68;35,2
18;191;KAPLAN;GÖLGE;M1;907,1;566,8;1011,3;4,85;6,53;66,48;7,536;64,75;6,79;65,4;6,2;163,2;188,3;21,9;60,47;58,75;14,4;21,66;28,25;35,86
18;191;KAPLAN;GÖLGE;M2;916;542,7;947,2;5,42;6,95;63,84;7,45;64,47;7,99;64,9;6,2;180,1;210,6;28,35;58,78;58,56;14,26;21,69;29;34,65
18;191;KAPLAN;GÖLGE;M12;980,3;548,6;953,6;3,39;3,61;66,13;6,678;65,66;6,29;64,1;6,1;177,3;205;23,83;44,85;52,55;14,31;22,15;25,8;35,02
18;191;KAPLAN;GÖLGE;M13;1011,8;564,3;995,8;2,78;6,02;63,89;7,705;65,13;5,63;64,1;6,3;153,3;213,6;29,71;57,8;54,71;14,87;21,83;27,5;36,4
18;191;KAPLAN;GÖLGE;M7;1016;577,2;923,9;5,03;2,54;65,18;7,204;63,43;7,53;65,5;6,5;161;170,2;20,31;33,29;50,73;14,96;21,57;23,45;35,42
18;191;KAPLAN;GÖLGE;M8;1011,9;552,2;991,4;2,72;6,48;65,06;7,641;62,51;7,58;63,4;6,2;144;215;21,6;35,64;58,17;12,71;21,28;27,74;38,89
18;191;KAPLAN;GÖLGE;M10;909,6;493,7;986,8;4,94;4,8;64,69;7,864;64,82;7,54;64,1;6,2;152,5;186,3;25,13;33,43;54,02;12,55;22,61;23,76;31,76
18;191;KAPLAN;GÖLGE;M5;929,7;494,8;950,3;3,96;2,68;65,49;6,379;62,64;7,97;64,8;6,1;182,5;219,4;27,29;31,11;51,36;12,22;22,78;27,72;39,89
18;191;KAPLAN;GÖLGE;M11;976,9;507,5;1000,5;4,8;4,59;66,68;6,4;64,97;5,68;65,4;6,3;166;176,2;21,95;57,8;57,2;12,04;21,04;30;34,97
18;191;KAPLAN;GÖLGE;M16;932,3;498,6;983,6;3,65;6,52;62,42;7,713;63,79;5,43;65,5;6,8;160,9;203,6;26,31;60,61;54,21;12,78;22,36;26,79;31,56
18;191;KAPLAN;GÖLGE;M17;882,5;587,3;921,2;4,23;6,8;62,59;7,11;64,82;7,8;66;6,2;170,2;193,3;28,62;54,57;51,6;14,54;21,94;28,01;35,14
18;191;KAPLAN;GÖLGE;M15;939,6;587,4;1005,4;3,7;3,98;63,81;7,353;62,89;6,49;64,4;6,6;163,3;215,8;27,31;36,27;51,55;14,32;22,82;22,55;36,29
18;191;KAPLAN;GÖLGE;M6;970,7;492,7;1025;4,47;7,5;64,94;6,803;64,43;7,28;65,9;6,4;188;166,6;24,3;31,94;56,32;12,09;22,4;27,07;37,55
18;191;KAPLAN;GÖLGE;M9;951,1;580,1;994,9;2,92;6,73;66,2;6,842;65,19;5,88;63,6;6,1;181,7;203;27,24;48,39;49,87;13,95;21,44;27,72;32,85
18;191;KAPLAN;GÖLGE;M3;982,7;582,1;945,8;4,87;6,61;65,55;7,197;65,81;6,85;64,2;6,3;143,3;177;21,28;40,41;45,75;12,28;21,16;22,86;37,4
18;191;KAPLAN;GÖLGE;M4;903,2;535,9;927,4;2,98;4,4;64,99;6,45;63,5;5,75;66;6,1;171,2;182;21,58;46,11;50,95;13,61;22,63;24,04;34,06
18;191;KAPLAN;GÖLGE;M14;951,6;583,1;906,3;5,19;7,93;64,97;6,933;63,28;6,7;65,7;6,4;189,4;157,9;23,72;32,06;54,5;14,56;21,56;26,1;37,12
18;191;KAPLAN;GÖLGE;M1;975,7;533,3;980,7;2,64;7,1;63,21;7,796;63,91;5,53;63,8;7;186,5;152,6;21,77;62,96;52,69;12,15;22,81;20,9;31,49
18;191;KAPLAN;GÖLGE;M2;984,1;504,4;937,1;3,66;5,06;64,9;7,908;65,27;7,9;65,2;6,8;151,4;191,2;23,22;59,31;59,88;14,76;22,08;23,91;35,9
18;191;KAPLAN;GÖLGE;M12;879;552,5;976,6;3,6;7,78;62,41;7,643;65,75;7,53;63,5;6,6;150,4;215;24,74;33,35;50,86;13,65;22,26;25,43;39,4
18;191;KAPLAN;GÖLGE;M13;874,4;534,5;1011,2;4,16;7,73;66,13;6,421;65,73;5,61;65,4;6,1;168;200,1;28,46;46,55;56,13;13,11;22,98;28,33;34,88
18;191;KAPLAN;GÖLGE;M7;1016,4;533,5;925,8;2,77;5,14;64,87;7,776;64,76;6,79;63,8;6,6;145,8;185,1;29,26;51,33;54,37;12,18;22,76;25,06;36,1
18;191;KAPLAN;GÖLGE;M8;957,2;492,6;872,1;4,29;7,29;64,17;6,46;62,95;7,68;63,8;6,7;173,7;160,6;24,1;36,29;59,46;12,7;21,77;21,64;36,77
18;191;KAPLAN;GÖLGE;M10;871,7;540,5;931,3;3,12;3,58;63,44;7,883;65,75;7,26;63,7;7;180,2;160,6;20,92;59,61;54,49;12,77;21,52;27,61;32,03
18;191;KAPLAN;GÖLGE;M5;985,7;552,6;989;2,61;7,98;65,88;7,797;65,8;6,58;64,9;6,8;141,7;174,6;23,67;42,36;54,52;14,65;22,26;21,47;37,25
18;191;KAPLAN;GÖLGE;M11;926,7;509,7;949;4,95;4,54;64,53;7,615;62,02;5,11;65,3;6,7;179,5;194,6;27,13;52,54;45,36;14,98;21,42;21,32;36,9
18;191;KAPLAN;GÖLGE;M16;988,2;553,9;1021,5;4,13;5,1;65,78;7,475;63,16;7,44;63,4;6,5;174,7;152,8;27,61;51,03;56,5;12,85;22,46;29,03;34,39
18;191;KAPLAN;GÖLGE;M17;883,3;535,8;973,5;4,71;6,98;64,48;7,14;65,12;6,46;63,1;6,1;177,5;197,1;25,87;44,29;48,81;12,09;21,25;29,15;31,53
18;191;KAPLAN;GÖLGE;M15;916,8;544,4;985,8;3,44;7,05;62,53;6,593;65,6;6,26;66;6,6;186,3;157,3;21,86;30,25;48,31;12,66;21,3;27,48;31
18;191;KAPLAN;GÖLGE;M6;979,1;539,6;928,4;3,22;7,53;63,85;7,839;63,04;7,93;63,3;7;181,2;193,7;29,22;56,63;47,76;12,31;22,12;23,71;31,85
18;191;KAPLAN;GÖLGE;M9;924,6;537,2;993,5;3,16;8,09;64,15;7,528;62,15;6,31;64,9;6,4;149,5;183,8;29,49;45,66;46,39;13,1;22,2;29,4;31,09
18;191;KAPLAN;GÖLGE;M3;1018;537,9;935,9;5,2;5,56;62,68;7,477;63,37;7,52;65,2;6,1;180;174,3;20,32;59,89;52,93;12,68;21,75;23,05;31,88
18;191;KAPLAN;GÖLGE;M4;888,6;515;948,9;4,98;7,78;65,89;6,585;63,9;5,32;63,5;6,7;147,1;219,1;29,84;35,93;46,03;13,42;21,88;20,97;38,12
18;191;KAPLAN;GÖLGE;M14;946,1;581,7;1009,5;3,54;4,43;63,45;6,818;63,95;5,86;65,3;6,9;183,4;183,9;29,13;63,6;59,24;13,5;22,69;27,21;37,7
18;191;KAPLAN;GÖLGE;M1;976,4;508,5;985;2,82;6,78;64,34;6,7;64,85;6,44;65,5;6;174,2;171,3;28,28;49,08;48,62;13,85;22,91;22,19;37,27
18;191;KAPLAN;GÖLGE;M2;906,4;517,6;932,8;5,25;2,78;62,13;7,336;64,35;7,45;65,8;6,8;151,3;190;28,83;58,5;56,23;12,84;22,36;24,42;35,61
18;191;KAPLAN;GÖLGE;M12;1009,8;522;925,2;2,56;5,44;62,24;7,766;64,28;5,89;65;6,3;185,9;176,7;22,61;45,5;58,69;14,65;22,1;23,86;32,21
18;191;KAPLAN;GÖLGE;M13;969,1;555,2;949,6;2,99;5,1;62,23;6,963;64,55;5,64;63,2;6,7;159,2;155;23,63;54,69;54,4;12,7;21,2;28,72;39,51
18;191;KAPLAN;GÖLGE;M7;1004,4;561,7;955,8;5,01;7,84;62,74;6,96;63,87;7,23;64;6,5;184,8;175,3;23,87;56,59;59,81;12,98;22,35;23,66;38,54
18;191;KAPLAN;GÖLGE;M8;878,6;517;988,6;4,18;5,68;66,43;7,131;63,2;6,37;65,5;6,5;151,6;175,8;27,02;44,75;54,31;14,04;21,19;28,86;37,38
18;191;KAPLAN;GÖLGE;M10;1014,6;545,9;907,4;4,29;6,51;63,21;7,63;65,32;5,3;65,6;6,5;169,9;150,8;28,18;60,02;53,46;14,46;22,01;28,5;38,68
18;191;KAPLAN;GÖLGE;M5;884,1;490,9;970,3;3,51;7,14;65,3;7,503;63,5;7,44;63,8;6;187,3;159,4;22,62;45,01;48,22;13,43;22,09;24,08;36,7
18;191;KAPLAN;GÖLGE;M11;979,8;527;881,3;3,02;3,09;64,08;7,691;65,03;5,12;64,7;6,1;181,9;179,7;23,58;62,5;55,06;14,31;22,88;20,93;39,5
18;191;KAPLAN;GÖLGE;M16;910,8;494,6;937;3,9;2,55;66,65;7,692;62,09;5,01;65,5;7;145,2;156,2;26,08;31,41;54,95;13,98;22,4;23,89;33,7
18;191;KAPLAN;GÖLGE;M17;970,8;578,8;1022,3;3,98;4,39;65,86;7,205;64,94;7,51;65,8;6,5;182,8;204,7;29,18;47,87;59,9;12,1;21,88;22,58;31,94
18;191;KAPLAN;GÖLGE;M15;949,7;528,3;980,8;4,36;5,31;65,92;6,657;65,27;6,55;64,4;6,9;183,2;187,7;23,52;58,29;46,19;13,33;21,71;25,45;38,58
18;191;KAPLAN;GÖLGE;M6;971,6;501,2;945,3;3,62;5,77;64,07;7,833;64,47;6,28;64,6;6,3;164,3;162,7;25,39;37,26;58,82;14,91;21,75;26,79;37,4
18;191;KAPLAN;GÖLGE;M9;985,5;559,4;898,7;2,54;5,34;62,32;7,142;65,4;5,68;65,3;6,8;164,9;166,1;25,75;56,78;53,28;13,59;21,45;27,98;33,8
18;191;KAPLAN;GÖLGE;M3;908,5;568,3;896,8;3,99;5,25;66,06;6,608;63,92;6,58;63,1;7;173,8;194,7;27,91;53,52;53,62;12,28;21,77;28,58;32,64
18;191;KAPLAN;GÖLGE;M4;1006,2;532,8;980,8;4,5;6,78;62,67;7,09;62,83;5,1;64,6;6,1;170,8;216,5;28,61;54,14;53,38;13,54;22,98;29,34;38,45
18;191;KAPLAN;GÖLGE;M14;907;552;910,9;4,2;5,31;65,14;6,774;63,62;5,89;65,7;6,6;188;169,7;21,12;55,88;53,35;12,89;21,12;23,31;37,07
18;191;KAPLAN;GÖLGE;M1;1013,3;585,4;964,7;4,82;5,97;63,13;6,823;65,69;7,91;63,4;6,6;176,3;166,8;22,39;49,27;55,28;12,8;21,91;25,06;37,33
18;191;KAPLAN;GÖLGE;M2;974,7;574;947,1;5,2;6,68;66,08;7,493;63,08;6,72;63,1;6,5;151,6;179,3;24,85;47,25;56,04;12,79;22,33;21,66;32,41
18;191;KAPLAN;GÖLGE;M12;919,3;528,1;873,7;4,29;6,5;64,21;6,85;62,35;7,48;65,6;6,5;153,1;207;24,94;34,48;47,25;14,26;21,31;22,34;39,7
18;191;KAPLAN;GÖLGE;M13;923,5;538,3;1005,5;4,96;4,54;63,58;7,149;65,65;7,44;65,2;6,6;142,7;209,9;24,31;44,03;59,23;14,57;22,78;22,17;34,84
18;191;KAPLAN;GÖLGE;M7;891,4;546,8;1007,2;3,93;2,78;66,13;7,736;65,81;7,23;64,4;6,5;183,3;218;29,58;33,13;52,23;13,79;21,24;29,9;31,14
18;191;KAPLAN;GÖLGE;M2;947,4;548,2;980,6;3;3,03;64,74;7,652;63,99;7,86;65;6;150,4;169,7;29,88;64,8;56,67;12,32;21,1;24,45;34,11
18;191;KAPLAN;GÖLGE;M12;966,1;582,7;1021,7;4,63;5,26;63,31;7,185;63,89;7,63;65,9;6,4;162,4;218,6;20,91;58,71;46,66;13,37;21,68;27,61;32,8
18;191;KAPLAN;GÖLGE;M13;1018,5;502,2;879,3;2,86;4,24;65,19;7,412;64,39;5,65;64,8;6,8;185,2;217,9;23,57;30,53;48,46;12,5;22,66;22,84;32,81
18;191;KAPLAN;GÖLGE;M7;919,7;521,5;977,5;2,58;7,51;65,63;7,586;62,03;6,69;65,6;6,3;148,1;168,6;26,8;38,01;49,16;14,79;21,49;29,23;39,9
18;191;KAPLAN;GÖLGE;M2;967,1;490;952,3;2,54;4,35;66,51;7,183;64,71;5,64;63;6,5;141,6;206,8;20,26;54,66;54,51;13,16;21,78;20,31;38,8
18;191;KAPLAN;GÖLGE;M12;944,1;503,6;968,1;4,18;6,41;63,57;6,391;64,46;7,87;65,2;6,1;181,3;165,7;26,56;61,95;54,19;12,47;22,8;24,4;38,08
18;191;KAPLAN;GÖLGE;M13;874,4;573,8;939;4,52;5,05;62,6;6,517;65,68;6,86;64,3;6,7;153,4;154,7;28,96;41,47;52,96;12,14;22,39;23,98;31,29
18;191;KAPLAN;GÖLGE;M7;946,1;559,3;872,3;4,07;3,49;65,89;7,55;62,03;7,55;64;6,2;152,8;199,6;28,17;30,44;46,81;13,58;22,42;20,17;38,61
18;191;KAPLAN;GÖLGE;M2;893,8;493,3;954,9;5,5;7,11;63,11;6,49;62,34;7,94;63,6;6,7;156;156,5;25,35;34,16;53,38;14,87;22,07;23,71;33,53
18;191;KAPLAN;GÖLGE;M12;1005,2;576;951,2;2,98;7,64;66,14;7,506;63,35;5,31;63,6;6,6;144,3;207,9;20,5;54,65;52,8;12,97;21,39;21,91;33,6
18;191;KAPLAN;GÖLGE;M13;924,2;584,9;926,5;3,74;5,28;63,57;7,24;63,16;6,56;64,4;6,7;158,5;193,8;28,63;63,21;56,81;14,82;22,39;20,11;31
18;191;KAPLAN;GÖLGE;M7;990,7;572,3;1015,3;3,44;8,15;62,6;7,181;64,51;5,25;64,7;6,7;144;152,3;23,05;51,94;50,05;12,22;22,04;23,6;32,64
18;191;KAPLAN;GÖLGE;M2;976,4;570,6;998,5;4,3;6,02;65,24;6,368;65,92;5,04;65,5;6,6;150,7;157;26,19;46,41;58,11;13,86;21,67;28,58;32,44
18;191;KAPLAN;GÖLGE;M12;872,7;489,3;1005,1;3,33;5,06;63,54;6,394;63,6;7,87;63,3;6,8;174,1;197,3;21,83;31,05;50,54;12,47;21,92;26,02;39,49
18;191;KAPLAN;GÖLGE;M13;946,1;548,6;958,8;4,22;5,48;63,76;7,16;64,69;7,04;63,1;6,3;181,5;211,9;24,14;53,48;55,13;12,92;21,68;21,26;34,99
18;191;KAPLAN;GÖLGE;M7;937,6;567,5;974,4;5,29;7,94;64,71;6,689;65,41;5,19;64;6,9;163,7;192,8;25,38;31,5;49,31;13,58;21,73;20,66;32,57
18;191;KAPLAN;GÖLGE;M2;968,6;490,1;926;4,94;6,86;64,1;6,369;62,57;6,71;64,3;6,8;178;153,4;21,46;39,06;47,71;14,48;22,78;20,19;39,63
18;191;KAPLAN;GÖLGE;M12;994,9;512,7;950,5;5,22;7,29;62,54;6,59;64,64;7,9;64,2;6,8;158,7;155,1;25,29;37,88;48,43;13,17;21,02;27,08;37,91
18;191;KAPLAN;GÖLGE;M13;981,1;507,8;982,9;3,8;5,4;63,49;7,047;62,01;6,99;63,4;6,6;148,1;211,1;23,73;37,26;55,19;14,68;21,73;24,09;34,98
18;191;KAPLAN;GÖLGE;M7;1016,1;490,9;919,5;4,87;4,92;66,59;6,615;62,76;7,88;63,1;6,2;166,2;183,1;24,23;56,02;53,89;13,57;21,84;24,97;34,74
18;191;KAPLAN;GÖLGE;M2;923,7;579,6;978;4,45;4,32;66,45;6,822;64,62;5,07;64;6,2;185,1;163,6;24,76;51,24;49,87;13,92;21,72;26,43;31,69
18;191;KAPLAN;GÖLGE;M12;993;501;1008,5;4,73;3,8;62,53;6,868;64,09;5,4;63,2;7;160,1;158,4;28,09;41,9;49,95;14,16;22,38;20,59;33,51
18;191;KAPLAN;GÖLGE;M13;918,7;577;965,9;3,43;7,95;63,68;6,737;63,05;7,96;63,9;6,6;141,8;160,2;22,18;57,88;59,04;14,93;22,32;21,61;37,22
18;191;KAPLAN;GÖLGE;M7;896,7;551,6;957,6;4,01;2,57;62,45;6,441;63,24;7,3;63,5;6,6;179,9;178,4;20,86;35,16;56,66;13,9;22,12;24,52;38,46
18;191;KAPLAN;GÖLGE;M2;916,6;570,4;1003,1;5,09;7,13;63,68;6,875;63,94;7,6;65,7;7;148;151,6;27,32;52,97;52,72;13,56;21,48;26,55;33,27
18;191;KAPLAN;GÖLGE;M12;940,5;500,2;952,3;4,34;7,27;66,39;6,617;63,99;7,17;63,3;6,7;165,2;212,2;20,38;48,15;55,08;12,06;22,5;29,86;36
18;191;KAPLAN;GÖLGE;M13;1003,1;569,7;923,7;4,68;2,71;62,62;7,597;64,42;6,2;63,6;6,1;170,6;213,2;21,26;54,63;47,25;12,55;22,18;22,32;37,92
18;191;KAPLAN;GÖLGE;M7;953,8;494,1;937,2;5,41;6,28;65,53;7,128;63,35;5,18;64,6;6,3;147,4;168;24,35;62,16;53,1;13,22;21,92;28,89;36,04
18;191;KAPLAN;GÖLGE;M2;882,9;497,7;917;4,09;2,79;63,14;6,866;63,37;5,97;63,1;6;163,3;189,1;26,31;31,44;49,41;14,74;22,22;29,1;32,12
18;191;KAPLAN;GÖLGE;M12;1008,5;559,9;964,3;4,31;6,72;64,28;7,616;65,29;7,48;64,8;6;155,4;163,8;26,95;56,68;56,25;14,84;21,14;25,25;38,51
18;191;KAPLAN;GÖLGE;M13;925,4;515,6;963,7;2,74;4,71;63,58;6,973;64,33;5,29;65,4;6,9;172,1;160,2;25,17;44,02;47,14;12,72;21,26;24,98;36,64
18;191;KAPLAN;GÖLGE;M7;899,2;558,9;943,6;3,05;3,6;64,84;6,473;62,74;7,93;63,4;6,6;161,4;184,5;28,76;63,87;45,28;12,93;22,38;23,33;33,47
18;191;KAPLAN;GÖLGE;M2;984,8;588,9;980,1;2,51;3,32;65,56;6,63;62,82;5,96;64,3;6,8;170,3;216,6;23,38;37,82;59,23;12,91;21,42;23,86;36,36
18;191;KAPLAN;GÖLGE;M12;989;533,1;961,6;2,91;5,72;63,92;6,687;65,63;7,94;63,5;6,2;147,6;198,8;23,28;59,65;46,99;12,56;22,52;26,41;34,7
18;191;KAPLAN;GÖLGE;M13;1006,9;496,9;952,6;3,46;4,97;64,44;7,192;63,96;6,18;63,6;6;163,6;165,8;21,07;49,74;55,31;13,4;21,99;26,84;31,7
18;191;KAPLAN;GÖLGE;M7;981,4;543;994,8;3,02;2,53;63,71;6,984;64,81;5,74;64,4;6,9;154,2;150,3;21,97;53,6;50,17;12,37;22,32;28,6;38
18;191;KAPLAN;GÖLGE;M2;904,6;556,9;962,1;2,7;4,54;63,17;6,748;63,55;5,76;63,5;6;155,1;169,2;28,9;30,41;59,03;12,9;22,27;21,35;31,69
18;191;KAPLAN;GÖLGE;M12;934,4;553,7;985,9;4,46;7,58;64,77;7,186;65,11;7,4;65,4;6,3;165,7;151,6;25,73;38,11;55,75;13,01;21,74;25,24;33,01
18;191;KAPLAN;GÖLGE;M13;873;498,3;997,2;3,59;3,74;62,94;6,618;65,31;6,09;65,5;6,3;140,1;203,9;20,56;56,69;46,64;12,38;22,2;24,15;33,44
18;191;KAPLAN;GÖLGE;M7;868,7;492,1;898,6;5,26;3,14;66,21;7,363;64,54;5,91;66;6,8;169,2;219,9;28,48;45,09;58,99;12,44;21,46;24,68;36,93
18;191;KAPLAN;GÖLGE;M2;912,1;496,7;972,4;4,38;8,19;63,34;6,661;62,41;6,7;64,4;6,4;172,6;219,9;21,89;37,23;51,49;13;21,41;20,22;33,95
18;191;KAPLAN;GÖLGE;M12;915;562,4;907,9;3,52;2,79;62,06;7,716;63,45;7,24;65,7;6,6;161,4;209,7;24,93;45;55,41;14,72;22;28,11;39,89
18;191;KAPLAN;GÖLGE;M13;1005,8;547,2;885,2;4,87;3,91;62,43;7,383;62,57;6,16;65,7;6,9;168,5;156,9;27,69;45,93;55,36;12,13;22,74;23,56;33,75
18;191;KAPLAN;GÖLGE;M7;938,4;513,9;915,2;4,54;8;65,62;6,697;62,2;5,58;64,6;6,2;148,6;172,3;27,28;60,57;48,09;14,84;22,77;25,59;39,06
18;191;KAPLAN;GÖLGE;M2;971,3;574;1015,3;4,08;4,23;64,63;7,706;65,97;5,96;64,9;6;144,4;168,5;20,37;46,99;46,13;14,16;22,04;27,16;34,32
18;191;KAPLAN;GÖLGE;M12;908,2;525,5;873;3,65;3,65;64,07;6,787;64,78;5,33;65,9;6,4;169,3;153,7;20,09;41,15;46,14;14,72;21,72;25,44;32,25
18;191;KAPLAN;GÖLGE;M13;896,9;587,2;916,8;3;7,01;65,36;7,234;62,95;6,82;65;7;171,3;183,2;26,45;53,78;54,78;14,74;22,86;23,96;39,38
18;191;KAPLAN;GÖLGE;M7;992,1;556,2;981,2;3,75;3,63;64,74;7,637;62,83;6,23;63,1;6,9;186,8;206,7;26,14;45,81;49,67;14,55;21,06;23,61;34,58
18;191;KAPLAN;GÖLGE;M2;1016;504,1;1024,5;2,89;5,14;64,15;7,863;64,66;7,68;63,1;7;181,5;173,2;24,73;55,3;59,28;14,87;21,46;28,18;32,3
18;191;KAPLAN;GÖLGE;M12;906;497,2;887,8;4,63;3,92;64,17;7,323;62,05;6,56;63,5;6,2;153,9;163;24,35;45,61;46,07;12,38;21,56;27,9;38,23
18;191;KAPLAN;GÖLGE;M13;961,2;573,1;901,1;3,11;5,52;63,73;7,015;65,71;7,87;65,9;6,2;178,5;202,1;21,17;63,9;59,85;12,48;22,06;27,91;37,85
18;191;KAPLAN;GÖLGE;M7;871;494,3;999,3;4,76;2,63;62,41;7,876;64,63;6,16;65,4;6,7;187,5;192,5;24,69;41,83;50,22;13,33;21,76;21,5;32,14
18;191;KAPLAN;GÖLGE;M2;1012,3;494,2;921,6;5,48;6,63;65,91;7,107;65,29;5,3;63,9;6,3;183,6;200,4;25,35;60,02;52,15;13,59;21,01;27,3;39,25
18;191;KAPLAN;GÖLGE;M12;984,3;522,6;919,7;3,39;6,75;62,81;7,636;62,29;6,48;64,7;6,6;169,9;192,5;22,8;52,52;46,43;14,52;22,12;20,14;39,25
18;191;KAPLAN;GÖLGE;M13;901,3;576,9;1013,7;3,02;3,97;65,91;7,867;63,83;6,42;66;6,4;185;170,2;25,25;45,38;55,76;12,54;22,52;28,51;34,45
18;191;KAPLAN;GÖLGE;M7;959,9;580,7;928,9;4,94;4,57;66,68;7,274;64,61;6,76;65;6,9;183,2;152,4;22,47;57,03;59,03;13,85;22,43;28,08;32,96
18;191;KAPLAN;GÖLGE;M2;895,8;509,3;1011,3;3,6;7,04;63,55;7,09;63,06;7,29;64,6;6,2;168,5;150,4;21,74;54,26;56,47;12,31;22,18;28,3;31,89
18;191;KAPLAN;GÖLGE;M12;886;588,8;1018,1;4,51;7,35;66,44;7,055;63,58;7,48;64,1;6,5;154,2;187,6;28,1;49,65;53,97;12,42;22,6;29,59;35,86
18;191;KAPLAN;GÖLGE;M13;919,8;568,9;874,8;2,54;7,45;66,44;7,16;64,17;6,11;65,8;7;145,2;213;20;31,13;53,67;14,74;22,54;21,67;31,31
18;191;KAPLAN;GÖLGE;M7;959,4;544,5;973,2;4,03;3,57;62,68;7,293;63,17;5,55;64,8;6,8;153,4;191,4;27,99;59,29;56,57;13,87;22,78;20,76;36,46
18;191;KAPLAN;GÖLGE;M2;876,1;503,6;932,2;4,76;4,71;63,71;6,518;62,12;5,03;64,2;6,4;166,4;169,8;27,44;36,07;50,45;12,24;22,3;26,2;31,25
18;191;KAPLAN;GÖLGE;M12;938,6;510,9;945,9;3,59;5,07;63,74;7,581;64,13;7,01;64,4;6,6;163,2;186;26,05;48,28;59,82;12,87;21,45;20,44;34,62
18;191;KAPLAN;GÖLGE;M13;1006;534,4;881,5;3,21;3,8;64,52;7,892;65,42;5,08;64,2;6,7;147,4;190,7;22,5;51,79;53,55;13,35;21,38;27,41;38,6
18;191;KAPLAN;GÖLGE;M7;887,6;551,6;1016,2;3,98;7,8;63,97;6,724;65,9;5,16;65,3;6,7;155,3;167,4;29,64;50,7;59,37;12,89;21,17;24,18;33,23
18;191;KAPLAN;GÖLGE;M2;1002,8;508;970,4;5,21;7,22;64,92;7,437;63,09;6,55;65,4;6,3;186,5;211,8;26,08;35,37;47,25;13,25;21,44;25,7;37,44
18;191;KAPLAN;GÖLGE;M12;960,2;498,8;991,2;4,13;5,98;66,3;7,213;62,71;6,45;65,4;6,6;162,8;206,3;28,26;33,49;45,1;13,42;21,18;28,33;35,81
18;191;KAPLAN;GÖLGE;M13;885,5;540;1008;3,85;7,66;66,27;7,015;62,78;5,88;65,5;7;140;187,3;26,72;46,79;58,96;14,01;21,58;24,18;39,92
18;191;KAPLAN;GÖLGE;M7;974,5;575,6;926,2;4,06;7,89;66,47;6,805;62,17;6,76;63,7;6;142,4;166,1;24,71;58,17;55,75;14,14;22,22;26,97;31,19
18;191;KAPLAN;GÖLGE;M2;919,8;511,4;920,7;5,47;8,08;65,4;7,891;63,09;7,08;65,5;6,5;186,4;154,6;29,39;39,08;58,85;12,19;22,11;28,9;34,26
18;191;KAPLAN;GÖLGE;M12;997,5;552,4;951,1;2,99;7,45;63,01;7,657;65,71;7,32;64,5;6,5;157,8;178;25,47;51,51;47,6;12,17;22,17;20,83;32,31
18;191;KAPLAN;GÖLGE;M13;988,6;514,2;986,2;2,52;2,63;62,08;7,672;65,04;5,17;64,7;6,1;163,9;193,7;21,09;44,86;46,48;12,02;21,55;25,97;32,68
18;191;KAPLAN;GÖLGE;M7;957,4;506,8;1024,8;5,3;4,22;65,33;7,668;64,2;6,65;65,2;6,2;177,6;205,4;28,05;46,54;55,27;13,15;22,52;26,58;39,28
18;191;KAPLAN;GÖLGE;M2;972,5;492,7;1009,8;3,13;5,74;65,35;6,802;62,61;7,06;64,5;6,2;160,1;172,4;22,08;38,74;52,52;12,48;21,19;25,12;36,18
18;191;KAPLAN;GÖLGE;M12;916,6;581,2;924,6;5,37;2,7;62,51;6,684;62,67;5,91;64,3;6;178,2;172,9;25,38;47,38;55,47;12,98;21,1;24,71;35,32
18;191;KAPLAN;GÖLGE;M13;877,6;497,3;888,3;4,48;2,92;66,56;6,992;63,56;5,42;64,1;6,7;166,7;151,9;25,09;55,31;49,97;13,94;21,57;29,07;37,48
18;191;KAPLAN;GÖLGE;M7;970,5;509,4;974,1;3,9;7,82;63,44;6,531;65,43;5,72;65,2;6,2;163,5;208,6;26,56;50,38;55,56;14,74;22,4;21,56;38,41
18;191;KAPLAN;GÖLGE;M2;957,9;553,7;992,6;5,1;4,58;65,05;6,957;65,04;5,07;65,2;6,2;186,6;184,8;24,98;57,76;49,08;13,99;22,41;26,28;35,28
18;191;KAPLAN;GÖLGE;M12;946,8;563,3;944,3;5,34;6,72;64,68;6,654;64,53;7,78;64,2;6,9;155,8;219,4;28,35;33,88;47,76;13,36;21,76;23,04;32,9
18;191;KAPLAN;GÖLGE;M13;905,8;532;934,1;4,8;2,8;63,96;6,374;64,58;6,86;63,1;6,7;178,4;153,4;20,74;57,93;57,79;12,81;21,5;20,36;36,11
18;191;KAPLAN;GÖLGE;M7;879,9;521,6;981,6;2,78;3,94;62,86;7,811;65,38;6,54;64,8;7;148,1;165,6;23,52;58,35;57,25;12,98;21,47;20,3;39,94
18;191;KAPLAN;GÖLGE;M2;905,9;583,3;886,6;3,79;7,56;63,87;6,838;62,52;6,26;64,9;6,5;159,8;211,2;25,13;40,32;52,14;13,79;21,11;26,16;32,03
18;191;KAPLAN;GÖLGE;M12;890,9;547,7;986,3;4,46;5;63,57;6,534;64,28;7,58;65,3;6,1;167,3;173;20,33;46,67;52,42;14,87;21,37;24,2;31,17
18;191;KAPLAN;GÖLGE;M13;954,4;485,7;962,5;2,83;7,87;64,87;6,563;62,19;6,39;63,7;6,5;188,5;165,5;27,73;50,81;56,3;13,21;22,71;29,7;39,72
18;191;KAPLAN;GÖLGE;M7;868,3;486,2;1017,9;5,27;3,19;64,76;7,295;65,94;5,73;65,5;7;180,1;166,9;28,38;48,18;53,05;13,65;21,22;25,74;39,6
18;191;KAPLAN;GÖLGE;M2;869,1;512,5;983,4;5,32;3,36;63,25;7,032;62,33;6,45;64,8;6,6;183,2;208,2;26,41;57,58;53,75;12,7;22,05;23,15;38,78
18;191;KAPLAN;GÖLGE;M12;953,1;510,2;981,5;3,58;5,41;63,08;7,087;64,05;7,26;63,7;6;147,1;150,6;21,03;31,85;47,62;12,72;22,17;23,14;34,28
18;191;KAPLAN;GÖLGE;M13;952,8;503,6;918,9;4,67;4,32;64,59;6,53;64,85;7,57;63,5;6,9;163,3;178,9;27,08;36,11;56,19;13,4;21,93;21,92;33,49
18;191;KAPLAN;GÖLGE;M7;872,1;529;911,9;3,76;5,57;63,27;7,369;62,42;6,79;63,9;6,1;152,7;195;27,54;30,96;54,25;14,02;22,5;20,43;36,48
18;191;KAPLAN;GÖLGE;M2;942,9;540,3;943,3;3,16;5,49;65,07;6,554;64,54;7,52;65,3;6;167,2;175,9;24,24;40,78;45,11;14,4;22,42;22,45;32,52
18;191;KAPLAN;GÖLGE;M12;898,5;485,2;951,7;3,4;5,49;63,38;6,433;62,74;5,64;66;6;140,1;212,7;23,56;61,14;49,44;14,64;22,48;26,74;33,95
18;191;KAPLAN;GÖLGE;M13;958;582,2;943,7;5,4;5,09;63,7;6,432;63,18;7,29;65,9;6;179,1;192,5;29,61;37,54;55,61;14,64;22,19;29,15;34,15
18;191;KAPLAN;GÖLGE;M7;908,5;498,2;929;3,19;3,46;64,41;7,451;65,41;5,73;64,1;7;155,2;216,9;25;56,61;52,66;12,38;21,16;25,87;31,23
18;191;KAPLAN;GÖLGE;M2;889,9;501,6;974;2,86;5,93;64,23;7,16;63,87;6,14;66;7;175,4;180;24,76;64,08;49,05;13,51;21;24,84;35,23
18;191;KAPLAN;GÖLGE;M12;918,9;504,5;1022;2,65;5,79;66,66;6,544;64,59;5,2;65,8;6,4;180,9;168,6;21,64;45,83;55,84;14,03;22,12;28,92;38,77
18;191;KAPLAN;GÖLGE;M13;1004,3;579,1;915,3;4,87;4,09;64,61;7,634;65,09;7,54;63,2;7;174,9;197,4;20,91;54,8;46,14;12,71;22,75;28,18;39,75
18;191;KAPLAN;GÖLGE;M7;936,5;533,7;929,5;3,46;3,29;64,91;7,026;62,71;6,58;65,9;6,5;149,9;218,5;27,83;51,82;45,21;13,6;21,73;26,22;33,87
18;191;KAPLAN;GÖLGE;M2;906,8;535,4;949,3;2,86;5,78;65,93;7,348;65,28;5,22;64,5;6,2;159,7;157,7;27,81;55,23;45,16;12,78;21,78;23,28;32,1
18;191;KAPLAN;GÖLGE;M12;1007;523,6;937,2;4,4;5,57;63,81;7,106;64,91;5,24;65,3;6;160,1;202,5;29,84;52,26;59,61;12,91;21,9;23,74;39,62
18;191;KAPLAN;GÖLGE;M13;984,8;528,4;1028,2;2,75;5,7;63,65;6,993;65,3;5,96;65,9;6,4;142,8;158,8;24,05;43,49;52,73;13,86;21,13;21,8;35,04
18;191;KAPLAN;GÖLGE;M7;955,5;534,4;888,9;4,2;7,36;63,2;7,008;65,26;6,98;64,5;6;160,9;174,6;24,03;43,27;58,43;12,16;21,56;28,81;33,75
18;191;KAPLAN;GÖLGE;M2;986,9;536,1;876,2;3,5;6,2;63,25;6,734;64,26;7,51;65,4;6;175,1;166,4;29,79;62,58;47,55;13,06;22,86;24,07;39,08
18;191;KAPLAN;GÖLGE;M12;1018,3;511,4;952,6;4,13;4,66;66,28;7,889;64,98;6,77;64,6;6,2;173,2;192,8;20,33;36,25;50,19;13,83;21,14;26,86;33,18
18;191;KAPLAN;GÖLGE;M13;872;508,3;1005,8;3,69;2,6;64,67;7,634;62,31;6,13;63,1;6,2;167,9;216;29,61;30,2;49,76;13,59;21,32;27,63;33,74
18;191;KAPLAN;GÖLGE;M7;872,6;503,3;1027,9;2,58;3,74;62,84;6,491;62,04;6,81;63,4;6,7;160,3;210,5;24,05;42,77;51,68;12,66;22,43;24,18;35,39
18;191;KAPLAN;GÖLGE;M2;869,8;517,3;956,1;2,47;7,19;64,93;6,42;65,63;6,01;63,6;6,3;167,3;160,9;22,74;36,2;51,31;14,13;21,3;20,52;36,22
18;191;KAPLAN;GÖLGE;M12;903,7;507,3;1013,1;3,66;5,64;65,78;6,533;64,65;5,72;63,9;6,6;173,7;153,2;21,95;37,14;56,62;12,82;21;28,63;38,61
18;191;KAPLAN;GÖLGE;M13;990,1;501,9;871,8;4,1;3,67;63,39;6,839;63,96;5,65;63,5;6,2;187,6;161,6;25,97;52,06;52,14;13,5;22,17;27,46;32,23
18;191;KAPLAN;GÖLGE;M7;924,2;587,7;970,3;3,75;4,97;66,16;6,759;64,81;6,58;65,9;6,4;144,1;187,2;20,21;53,71;47,89;13,98;21,08;25,6;39,18
18;191;KAPLAN;GÖLGE;M2;903,7;564,8;923;3,21;5,05;64,56;7,876;64,64;7,79;63,4;6,3;159,1;160,1;25,14;53,96;55,59;13,23;21,03;20,29;35,85
18;191;KAPLAN;GÖLGE;M12;921,3;546,7;1014,8;5,08;7,06;62,88;6,78;65,7;6,64;65,9;6,9;165,5;215,8;21,62;32,18;55,93;13,47;22,9;23,9;31,08
18;191;KAPLAN;GÖLGE;M13;984,1;498,5;978,9;4,66;3,8;63,55;7,348;65,18;7,42;63,7;6,8;149,4;190;24,7;56,87;47,56;14,91;22,57;29,42;35,08
18;191;KAPLAN;GÖLGE;M7;893,6;515,3;985;3,98;2,63;65,69;7,168;63,42;5,38;64,3;6,4;181,3;160,4;29,33;40,49;45,74;14,11;22,24;22,21;39,51
18;191;KAPLAN;GÖLGE;M2;977,2;486,6;1001,4;3,14;7,48;65,24;6,876;65,08;6,36;63,2;6,7;175,4;169;22,34;63,48;51,62;13,95;22,57;28,88;35,51
18;191;KAPLAN;GÖLGE;M12;979,4;568,9;935,8;3,55;6,17;62,99;7,283;64,91;6,54;64;6,8;185,6;166,8;20,08;37,88;55,87;12,98;21,35;21,79;36,05
18;191;KAPLAN;GÖLGE;M13;974,4;542,4;932;3,3;5,1;66,8;7,533;65,7;6,09;66;6;178,6;162,4;28,62;44,36;46,5;12,62;21,66;22,23;31,05
18;191;KAPLAN;GÖLGE;M7;970,3;489,3;951,7;3,61;7,31;62,17;7,036;64,98;7,72;64,2;6,4;171,7;151,8;25,37;63,34;48,45;13,14;21,77;25,27;39,75
18;191;KAPLAN;GÖLGE;M2;923,2;520,1;883;2,7;5,71;63,51;6,776;62,49;5,05;65,4;6,2;140,1;182,7;27,19;32,92;57,82;13,46;21,48;24,13;32,71
18;191;KAPLAN;GÖLGE;M12;873,2;537,2;1006,4;3,92;2,73;62,13;7,787;62,42;7,19;63;6,1;156,8;217,8;24,11;35,29;45,58;13,44;22,25;23,51;36,79
18;191;KAPLAN;GÖLGE;M13;905,7;549,9;976,1;3,26;2,84;66,29;6,486;64,89;5,71;64,8;6,1;188,2;159,9;27,33;56,05;56,9;14,33;22,29;29,9;37,41
18;191;KAPLAN;GÖLGE;M7;1002,1;489,8;937,8;5;6,02;65,14;6,726;64,84;7,32;64,2;6,5;141,7;155,4;24,27;42,64;58,78;14,47;21,98;20,57;38,43
18;191;KAPLAN;GÖLGE;M2;993,9;572,6;871;2,78;5,88;64,29;7,235;65,6;7,04;65,2;6,5;163,8;178,3;21,74;50,69;59,36;14,44;22,71;24,7;37,2
18;191;KAPLAN;GÖLGE;M12;889;497,6;898,9;3,98;4,01;64,81;7,156;65,29;7,89;65,8;6,7;164,9;157,2;27,67;33,73;48,42;12,51;21,67;29,88;32,95
18;191;KAPLAN;GÖLGE;M13;910,2;522,9;958,1;3,76;3,04;63,99;7,396;64,03;6,69;63,2;6,2;180;180,2;25,59;55,05;46,58;12,29;21,22;24,02;38,27
18;191;KAPLAN;GÖLGE;M7;957,6;497,8;911,5;2,42;3,94;63,53;7,172;63,82;6,25;63,3;6,6;185,6;164,3;21,53;57,68;59,96;13,8;22,98;23,81;31,03
18;191;KAPLAN;GÖLGE;M2;916,7;541,1;976,6;4,48;5,12;64,14;7,199;65,37;7,79;63,4;7;164,9;167,1;23,43;48,63;50,66;13,75;21,67;26,88;36,86
18;191;KAPLAN;GÖLGE;M12;978,7;521,5;934,9;4,55;6,8;66,18;7,873;63,82;5,44;63;6,4;176,5;185,2;29,63;58,34;54,82;12,86;22,13;22,45;35,32
18;191;KAPLAN;GÖLGE;M13;962,9;562,3;895,4;4,05;6,92;64,58;6,967;62,69;7,27;64,8;7;182,5;198,7;22,38;43,99;56,48;14,13;21,14;22,88;35,67
18;191;KAPLAN;GÖLGE;M7;1015;509,2;994,6;2,47;6,77;64,51;6,689;62,24;7,44;66;6,7;162,9;217,4;21,56;52,94;48,55;12,86;21,13;24,2;39,16
18;191;KAPLAN;GÖLGE;M2;965,6;525,5;915;2,47;3,68;64,03;7,777;63,88;6,23;65,6;6,7;149;153,1;29,71;31,45;49,04;12,12;22,56;22,98;33,59
18;191;KAPLAN;GÖLGE;M12;982,5;518,7;1015,3;2,85;6,47;62,67;7,291;63,59;7,89;63;6,6;174,7;190,4;21,15;31,41;51,82;12,25;21,7;21,69;36,94
18;191;KAPLAN;GÖLGE;M13;920,3;574,6;952,4;3,01;5,62;63,88;7,034;62,42;5,33;64,8;6,9;174,7;219,9;29,27;31,01;45,34;14,92;21,55;23,75;36,88
18;191;KAPLAN;GÖLGE;M7;921,2;526,8;952,4;5,45;2,93;65,85;7,528;63,91;7,55;65,3;6,5;151,9;213,1;27,93;47,09;48,76;12,91;21,03;21,08;38,09
18;191;KAPLAN;GÖLGE;M2;965,4;488,9;1006,5;5,3;6,17;63,25;7,833;64,24;6,92;63,9;6,3;159,2;218,7;29,23;31,2;57,04;14,55;21,67;28,22;39,77
18;191;KAPLAN;GÖLGE;M12;996;512,6;1018,1;3,57;8,05;63,8;7,521;64,63;5,16;65,7;6,9;188,4;177,7;29,39;33;50,71;12,73;21,32;21,94;31,51
18;191;KAPLAN;GÖLGE;M13;1003,1;575;956,4;4,19;4,37;64,17;6,86;62,69;5,89;63,4;6,5;170,9;187,7;23,86;42,25;45,58;12,8;21,7;25,44;36,19
18;191;KAPLAN;GÖLGE;M7;989,1;552,7;983,1;3,24;6,18;64,02;6,356;65,18;5,46;64,1;6,2;178,4;174;20,33;51,32;48,58;13,71;21,49;27,99;34,6
18;191;KAPLAN;GÖLGE;M2;957,7;565,8;965,5;3,42;6,51;65,51;6,434;64,69;6,23;65;6,9;164,3;155,5;27,06;54,74;53,84;14,31;22,86;21,61;35,89
18;191;KAPLAN;GÖLGE;M12;880,8;551,8;896,3;4,3;4,83;63,82;7,64;65,89;7,61;64,1;6,7;175,2;185,3;22,81;55,98;49,13;12,51;21,89;22,5;32,78
18;191;KAPLAN;GÖLGE;M13;906,8;567,1;871;3,75;3,88;63,33;7,194;65,76;7,89;63,9;6,3;182,3;217,2;29,75;33,07;47,2;14,57;21,5;25,67;38,95
18;191;KAPLAN;GÖLGE;M7;921,3;558;997,8;2,97;4,94;63,39;7,835;64,27;7,6;64,2;6,6;162,2;154,1;27,74;53,13;45,54;13,46;22,16;21,18;38,44
18;191;KAPLAN;GÖLGE;M2;949,5;551,5;1014,5;3,98;2,68;64,38;7,435;65,35;6,02;65,6;6,8;141,8;169,1;26,69;43,16;58,96;13,87;22,16;25,83;36,7
18;191;KAPLAN;GÖLGE;M12;963,7;524,8;898,7;3,9;7,66;64,43;7,037;64,48;6,39;63,7;6,2;175,4;182;28,05;41,05;49,47;14,86;22,28;28,62;31,57
18;191;KAPLAN;GÖLGE;M13;991,2;549,5;932,7;4,25;6,08;63,74;7,346;65,72;5,84;65,4;6,1;170,2;164,2;28,74;33,91;52,16;14,08;22,02;23,19;32,05
18;191;KAPLAN;GÖLGE;M7;963,2;536,2;940,8;5,07;5,03;63,48;7,883;62,63;5,64;63,9;6,8;189;205,8;21,84;47,15;53,78;12,7;22,75;21,14;33,93
18;191;KAPLAN;GÖLGE;M2;950,8;517,4;975;3,59;2,85;66,41;7,684;64,29;6,2;64,4;6,7;163,3;202,7;21,81;62,33;58,65;12,07;22,23;29,96;36,49
18;191;KAPLAN;GÖLGE;M12;876,5;586,8;1025;4,5;6,82;64,11;7,622;64,12;7,96;63;6,9;165,5;217,6;25,86;60,26;47,96;12,88;21,98;20,66;35,46
18;191;KAPLAN;GÖLGE;M13;964;542,7;896,5;4,9;6,05;63,36;6,482;62,3;7,22;63,3;6,3;156,8;169,7;24,89;64,77;45,91;14,46;22,6;26,67;32,45
18;191;KAPLAN;GÖLGE;M7;1017,6;526,7;939,2;2,47;7,13;64,33;6,35;63,98;7,31;63;6,6;155,9;180,3;24,4;42,71;51,71;14,92;21,92;24,37;31,72
18;191;KAPLAN;GÖLGE;M2;924,9;513,4;907,5;4,78;7,47;66,06;6,564;62,12;6,92;65;6,2;150;150,2;21,63;62,74;50,48;12,59;22,4;20,31;31,29
18;191;KAPLAN;GÖLGE;M12;991,5;583,8;988,1;5,16;6,95;65,5;7,837;63,06;7,99;63,7;6,1;147,9;165,4;26,35;38,35;58,14;12,1;21,47;23,5;37,72
18;191;KAPLAN;GÖLGE;M13;992,6;493,4;998,5;3,61;7,32;64,44;7,746;65,65;6,67;65,9;6,7;150,8;208,3;28,31;60,67;48,57;12,9;21,27;21,51;33,11
18;191;KAPLAN;GÖLGE;M7;931,3;576,9;1005,9;3,61;6,1;63,03;7,572;63,87;6,96;65,1;6;162,5;181,4;20,13;39,58;45,6;12,56;22,66;28,52;37,41
18;191;KAPLAN;GÖLGE;M2;936,8;498;951,4;2,66;6,18;63,25;7,703;62,37;5,25;65;6,2;188,6;207,3;29,84;61,46;53,14;12,39;21,21;25,72;35,12
18;191;KAPLAN;GÖLGE;M12;914,8;544,4;1026,2;2,6;3,47;63,24;6,667;64,15;6,69;63,1;6,3;179,6;210;24,56;33,65;45,05;14,47;22,21;23,03;33,74
18;191;KAPLAN;GÖLGE;M13;888,5;563,4;974,4;4,63;7,69;66,57;6,355;64,78;7,5;64,2;6,6;185,6;189,5;27,55;61,89;49,38;14,47;22,83;28,83;37,48
18;191;KAPLAN;GÖLGE;M7;982,3;534;967,1;4,08;3,52;64,29;7,502;63,72;5,14;63,7;6,3;186,2;203,9;25,37;60,8;49,72;13,52;21,95;21,8;31,93
18;191;KAPLAN;GÖLGE;M2;883,7;548,5;921;2,67;8,08;64,84;7,471;62,83;6,09;65,7;6,8;170,7;189,1;24,89;53,96;47,86;13,74;22,81;22,5;39,9
18;191;KAPLAN;GÖLGE;M12;1018,5;496,5;887,2;3,59;3,89;63,4;7,751;64,27;6,42;64,5;6,1;181,5;188,7;23,3;36,29;52,06;13,19;22,12;27,56;34,2
18;191;KAPLAN;GÖLGE;M13;1018,1;491,5;904,2;3,01;7,61;62,25;7,529;65,93;5,08;64,8;7;143,3;156;29,98;41,64;50,95;14,63;21,08;26,62;31,66
18;191;KAPLAN;GÖLGE;M7;1005,8;568,8;993,1;2,53;6,52;65,08;7,882;62,49;7;64,2;6,9;167,4;212,7;26,65;46,54;59,21;12,33;22,8;26,96;38,75
18;191;KAPLAN;GÖLGE;M2;900,9;521,4;954,9;2,96;7,71;66,18;6,58;63,31;5,91;63,1;6,4;154,2;208,6;27,85;48,29;45,66;12;21,13;27,52;31,78
18;191;KAPLAN;GÖLGE;M12;991,8;554,8;918,2;4,68;6,81;63,26;7,424;63,82;7,66;63,8;6,7;168,8;157,4;27,45;63,96;50,75;13,88;21,93;23,81;37,7
18;191;KAPLAN;GÖLGE;M13;972,3;531,6;995,4;5,5;6,61;63,52;6,603;65,26;6,16;64,5;6,2;157;159,8;25,05;55,99;56,73;13,12;22,17;20,35;37,35
18;191;KAPLAN;GÖLGE;M7;911,1;543,7;1023,7;4,18;7,87;63,01;7,423;65,06;5,86;63,7;7;163,2;178,4;21,52;60,48;56,71;13,68;21,23;24,92;36,78
18;191;KAPLAN;GÖLGE;M2;1007,3;531;936,1;2,52;5,24;63,36;7,837;62,6;6,13;64,6;6,7;169;192,5;27,44;53,58;50,51;14,79;21,37;28,57;33,78
18;191;KAPLAN;GÖLGE;M12;896,2;557;1002;4,08;3,37;62,27;7,1;64,44;7,36;63,3;7;168,8;199,7;25,4;45,5;59,77;13,98;21,52;23,12;32,19
18;191;KAPLAN;GÖLGE;M13;908,9;580,4;933,5;5,27;5,39;64,04;6,772;64,19;7,42;63,7;6,4;155,9;210,1;22,33;50,12;51,93;14,65;22,55;21,68;34,23
18;191;KAPLAN;GÖLGE;M7;1015,5;507,3;874,1;5,4;6,62;64,12;7,606;65,99;5,56;65,3;6,6;164,6;175,1;26,09;37,16;53,39;14,41;21,22;26,17;31,33
18;191;KAPLAN;GÖLGE;M2;898,1;493,1;1002,1;3,22;3,65;65,93;7,653;63,37;7,9;63,7;6,4;182,9;206,8;21,27;30,07;51,41;12,12;21,14;26,72;36,18
18;191;KAPLAN;GÖLGE;M12;950,2;535;924,1;2,46;6,36;64,32;7,083;63,74;7,25;63,2;7;147,6;197,8;26,77;40,46;56,23;13,09;21,72;20,43;37,51
18;191;KAPLAN;GÖLGE;M13;994,1;509,3;991,5;4,02;5,88;62,59;6,799;62,27;7,42;63,2;6,7;173,4;157,4;28,86;48,15;50,68;14,9;22,98;23,71;39,75
18;191;KAPLAN;GÖLGE;M7;868,3;563,4;975,8;3,12;6,13;65,18;6,615;63,67;7,55;65,2;6,3;153,7;150,3;21,51;37,71;50,06;14,4;22;29,66;31,9
18;191;KAPLAN;GÖLGE;M2;986,3;582;964,6;3,94;4,33;65,83;6,466;62,41;7,99;65,8;6,5;166,5;189,1;27,05;62,63;45,87;13,68;22;29,28;34,24
18;191;KAPLAN;GÖLGE;M12;999,9;584,7;953,3;3,56;7,33;65;7,828;64,51;7,77;65,3;6,7;172,3;160;24,03;37,52;59,69;12,17;22,12;22,39;33,67
18;191;KAPLAN;GÖLGE;M13;880,1;587,4;933,5;3,19;2,77;64,93;6,55;65,7;7,13;63,3;6,5;187,6;186,3;29,6;60,58;46,63;14,09;21,15;27,47;33,13
18;191;KAPLAN;GÖLGE;M7;1013,2;491,1;1002,8;5,34;5,45;63,49;6,993;63,53;7,36;65,3;6,1;158,3;191,4;28,31;53,94;47,45;13,83;21,79;28,03;35,36
18;191;KAPLAN;GÖLGE;M2;923,5;500,1;967,4;3,24;7,24;62,74;7,072;63,06;6,04;65,1;6,1;156,7;161,2;20,75;48,54;56;14,98;22,89;23,63;37,8
18;191;KAPLAN;GÖLGE;M12;869;586,8;907;3,31;4,42;64,59;7,411;62,44;6,76;64,4;6,6;145,6;204,3;21,5;45,85;59,21;14,15;22,88;27,81;32,97
18;191;KAPLAN;GÖLGE;M13;970;527,2;971,9;3,88;6,51;64,59;7,387;65,94;5,79;64,3;6;160,4;195,1;27,05;57,81;59,23;13,04;21,77;20,82;32,43
18;191;KAPLAN;GÖLGE;M7;983,4;511,6;921,3;2,91;4,25;65,95;7,541;62,45;5;63,6;6,9;155;161,8;20,71;33,39;45,33;13,62;22,33;25,02;39,85
18;191;KAPLAN;GÖLGE;M2;899,8;548,9;960,3;3,41;4,89;62,28;7,5;64,61;5,14;64,6;6,4;177;183,5;24,49;60,21;45,69;14,81;22,45;20,01;34,74
18;191;KAPLAN;GÖLGE;M12;1014;584,6;984,6;3,75;4,38;65,39;7,405;64,21;7,65;65,5;6;143,9;163,8;29,5;44,82;59,92;13,79;21,02;29,56;32,98
18;191;KAPLAN;GÖLGE;M13;902,1;513,7;893,7;5,15;5,13;65,91;7,428;63,12;6,63;64,4;6,1;166,6;152,2;27,9;63,04;51,85;14,76;22,45;23,52;32,67
18;191;KAPLAN;GÖLGE;M7;984,7;531,7;888,6;4,55;6,35;66,03;6,894;64,5;5,66;64,5;6,9;169,5;192,2;24,84;33,46;52,09;13,07;21,31;24,79;37,78
18;191;KAPLAN;GÖLGE;M2;869,2;575,2;948,6;3,74;4,09;64,57;6,572;63,4;6,44;64,7;6,8;141,1;183,2;28,54;62,62;53,75;12,54;21,74;24,54;36,86
18;191;KAPLAN;GÖLGE;M12;1019;493,1;923,4;5,22;6,73;65,11;6,956;65,81;6,3;65,4;6,7;141,2;193,5;25,17;32,22;46,83;14,57;22,61;21,39;36,65
18;191;KAPLAN;GÖLGE;M13;925,1;570,4;874;2,81;7,37;64,86;6,666;63,29;7,15;63,9;7;179;213,8;23,93;59,16;58,18;12,92;21,68;20,07;32,76
18;191;KAPLAN;GÖLGE;M7;961,7;492,5;959,2;3,52;5,97;63,54;7,825;65,33;7,21;63,4;6,2;161,2;196,7;29,83;51,78;51,23;12,96;22,98;20;37,73
18;191;KAPLAN;GÖLGE;M2;885,7;553,7;976;5,18;7,35;65,68;7,593;64,31;5,23;65,3;6;188,5;181,2;22,72;30,73;57,84;14,14;21,16;26,21;37,38
18;191;KAPLAN;GÖLGE;M12;1017,7;572,9;942,8;4,33;3,42;66,08;6,619;65,72;7,97;63,3;7;148,5;177,7;20,83;58,98;56,4;13,94;21,1;29,55;37,16
18;191;KAPLAN;GÖLGE;M13;892,6;492,5;870,5;5,29;2,96;64,51;7,023;63,69;5,21;63,5;6,4;168,7;155,6;29,35;55,75;57,51;12,21;22,04;25,4;39,83
18;191;KAPLAN;GÖLGE;M7;890;546,3;901,9;3,75;4,56;64,71;7,031;65,92;7,05;64,6;6,8;157,5;161,5;25,31;52,25;47,04;12,62;21,8;21,72;37,46
18;191;KAPLAN;GÖLGE;M2;1012,6;506,3;922,1;2,57;7,56;62,75;6,709;63,34;7,61;64,3;6,8;144,3;185;26,49;62,86;54,46;14,36;21,35;25,89;38,96
18;191;KAPLAN;GÖLGE;M12;909,9;528,6;1004,8;5,04;5,11;65,46;7,04;63,61;5,12;65,1;6,1;184,2;162,5;29,81;45,83;52,44;12,96;22,33;21,82;31,13
18;191;KAPLAN;GÖLGE;M13;971;494,2;875;4,74;5,62;64,8;7,211;62,95;6,09;63,3;6,2;185,5;208;25,32;43,03;53,58;12,06;22,16;27,46;34,05
18;191;KAPLAN;GÖLGE;M7;1002,5;497,5;958,8;3,62;4,39;64,68;7,813;65,98;5,26;65,9;7;181,3;162,4;28,04;43,8;57,46;14,22;21,42;20,26;39,77
18;191;KAPLAN;GÖLGE;M2;967,8;542,6;899,1;3,7;2,93;65,71;7,428;65,7;7,61;63,2;7;144,6;168,1;28,62;64,93;53,79;13,01;22,65;22,59;33,37
18;191;KAPLAN;GÖLGE;M12;891;525,1;941,8;3,45;7,98;62,74;7,078;64,13;7,42;64,2;6,7;140,6;214,1;22,47;33,6;54,24;12,51;22,99;27,8;33,76
18;191;KAPLAN;GÖLGE;M13;922,9;563,1;870,1;4,21;7,96;62,15;6,868;62,37;6,77;65,3;7;142,1;196,2;20,91;41,89;45,98;13,03;22,85;22,56;31,65
18;191;KAPLAN;GÖLGE;M7;936,9;562,8;904,5;3,6;7,68;65,01;7,804;62,38;5,5;65,9;6,3;148,1;150,7;27,86;62,66;57,38;14,3;21,61;23,68;39,85
18;191;KAPLAN;GÖLGE;M2;981,2;530,6;948,7;2,47;5,19;62,93;7,26;63,18;6,67;65,5;6,9;143;202,1;22,71;64,59;49,11;14,26;22,07;21,55;35,49
18;191;KAPLAN;GÖLGE;M12;1003,2;538,6;998,8;5,21;6,87;63,32;7,845;62,46;6,65;65,9;6,9;167,9;185,9;26,44;31,29;58,36;13,99;21,65;29,88;31,1
18;191;KAPLAN;GÖLGE;M13;870,4;557,9;901,1;3,12;4,02;65,01;7,738;64,11;6,79;63;7;148,8;208,3;26,28;52,44;52,56;14,85;22,61;21,97;37,63
18;191;KAPLAN;GÖLGE;M7;917,7;551,4;875,1;5,09;6,24;66,6;7,021;64,18;6,21;65,4;6,9;179,9;181,3;24,28;54,51;49,63;12,8;22,05;20,06;33,31
18;191;KAPLAN;GÖLGE;M2;996,4;546,6;872,8;2,4;3,74;64,95;7,216;62,76;5,23;63,6;6,3;146,1;156,9;24,37;63,78;58,12;14,09;22,29;24,1;33,12
18;191;KAPLAN;GÖLGE;M12;981,1;531,6;988,4;5,23;4,86;66,12;7,539;62,47;6,7;63,9;7;165,8;219,2;21,15;42,09;50,01;12,26;21,53;26,42;31,91
18;191;KAPLAN;GÖLGE;M13;880,3;529,7;907;3,4;6,62;65,4;6,853;65,78;5,16;64,6;7;174,7;172,4;24,29;61,18;56,71;14,4;21,1;28,12;35,95
18;191;KAPLAN;GÖLGE;M7;939,8;532,6;890,5;4,02;4,02;64,88;7,479;64,96;6,88;63,5;6,9;150,3;157,2;20,68;61,5;48,81;14,05;21,64;20,1;32,87
18;191;KAPLAN;GÖLGE;M2;896,6;555,4;984,8;3,21;6,41;62,82;7,631;64,85;6,91;65,1;6,2;170,4;206,5;23,52;50,1;50,69;14,81;21,33;29,14;36,46
18;191;KAPLAN;GÖLGE;M12;926,5;536,4;1003,1;2,87;4,35;62,1;6,829;64,9;7,96;65,3;6,7;169,7;163,6;26,5;52,95;45,18;13,51;22,88;23,62;38,19
18;191;KAPLAN;GÖLGE;M13;874,7;548,1;961,6;4,12;7,11;63,89;6,558;65,37;7,36;65,6;6,3;168,6;165,2;20,69;50,61;56,26;14,72;22,14;25,19;34,01
18;191;KAPLAN;GÖLGE;M7;875,9;570,7;899,9;2,71;6,44;63,39;7,788;65,25;7,3;64,5;7;152,9;205,2;25,79;44,75;55,84;12,93;22,77;27,84;35,37
18;191;KAPLAN;GÖLGE;M2;1002,8;508,5;1028;3,24;7,02;64,33;6,575;63,69;5,23;63,4;6,6;145,3;161,5;20,4;44,52;51,67;13,84;21,92;28,42;38,82
18;191;KAPLAN;GÖLGE;M12;935,8;572,6;922,5;3,15;8;62,7;7,648;63,02;6,36;63,1;6,9;184,2;182,2;20,37;33,85;47,72;12,69;21,24;20,34;31,83
18;191;KAPLAN;GÖLGE;M13;979,1;553,6;930,4;5,01;5,42;66,78;7,137;62,95;5,71;65,1;6,9;154,7;186,5;29,12;59,38;58,62;12,4;21,9;21,09;33,07
18;191;KAPLAN;GÖLGE;M7;887,6;535,2;881,1;5,49;5,84;63,39;6,624;64,45;6,16;63,2;6;157,4;204,5;26,41;58,29;48,9;13,76;21,05;24,3;38,45
18;191;KAPLAN;GÖLGE;M2;918;543,2;1006,3;4,44;6,77;64,51;6,741;62,27;7,56;63,4;6,2;178,2;194,3;21,28;56,62;53,65;12,26;22,49;23,59;37,58
18;191;KAPLAN;GÖLGE;M12;983,9;503,5;918,2;4,5;4,27;63,16;6,633;65,84;7,96;65,9;6,9;161,3;192,6;29,96;49,17;53,32;13,83;21,58;28,9;34,64
18;191;KAPLAN;GÖLGE;M13;886,4;569,5;986,6;5,36;3,4;63,92;7,566;64,7;5,93;63,3;6,1;179,9;152,3;24,8;39,74;54,04;13;21,52;20,43;33,25
18;191;KAPLAN;GÖLGE;M7;971,3;565,3;902,3;4,8;3,02;65,14;7,757;63,3;6,16;63,2;6,9;171,8;169,7;27,91;60,27;54,27;12,5;22,07;22,5;37,97
18;191;KAPLAN;GÖLGE;M2;951,7;499,1;981;5,28;5,56;66,29;7,618;64,58;7,11;64,2;7;171,8;214;26,25;62,46;58,22;12,44;22,37;25,68;39,34
18;191;KAPLAN;GÖLGE;M12;917,2;526,3;1013,5;3,97;5,76;65,41;7,561;65,66;6,67;64,3;6,3;170,3;206,3;21,19;37,87;45,91;14,78;21,27;22,64;36,78
18;191;KAPLAN;GÖLGE;M13;972,3;485,4;937,4;3,86;6,25;65,11;6,739;65,97;6,27;63,4;6,1;152,6;192,4;23,35;50,64;57,07;12,72;21,16;23,34;32,66
18;191;KAPLAN;GÖLGE;M7;892,1;560,1;887,8;4,08;3,66;62,01;7,318;63,06;5,58;64,1;7;171,6;171,3;27,81;36,32;53,22;14,66;21,25;27,86;34,04
18;191;KAPLAN;GÖLGE;M2;998;550,5;961,5;3,92;2,75;65,47;6,539;64,54;5,79;65,2;6,9;185,8;171,7;29,38;50,64;48,08;14,08;22,58;25,32;33,47
18;191;KAPLAN;GÖLGE;M12;898,6;549,5;995,5;4,01;6,71;64,51;7,812;62,28;6;64,1;6;174,4;180,8;26,88;55,71;52,88;12,19;22,73;21,97;38,3
18;191;KAPLAN;GÖLGE;M13;897,8;556,6;1002,8;5,04;3,6;66,7;7,899;64,13;7,54;63,5;6;173,8;165,9;25,09;63,19;47,66;14,45;21,47;29,58;33,34
18;191;KAPLAN;GÖLGE;M7;921,2;534;995,3;4,73;5,94;63,76;6,714;62,31;5,07;64,5;6,7;149,3;220;27,13;54,72;55,87;13,78;21,56;22;35,15
18;191;KAPLAN;GÖLGE;M2;936,2;528,6;1014;3,96;5,93;62,4;7,589;63,8;7,78;64,6;6,7;164,8;204,6;26,24;59,58;57,64;14,26;21,68;27,26;39,09
18;191;KAPLAN;GÖLGE;M12;970,2;515;920,3;2,98;7,48;64,54;6,865;63,54;5,39;65,7;6,3;142,9;191,1;26,15;31,55;48,47;13,4;21,67;27,63;39,71
18;191;KAPLAN;GÖLGE;M13;950,9;541,1;992;3,68;4,25;64,39;7,09;62,21;6,73;63,3;7;148,1;210,2;28,61;35,08;57,4;12,64;21,5;29,09;36,34
18;191;KAPLAN;GÖLGE;M7;1001;514,2;968;4,72;3,19;65,78;7,805;62,09;5,45;63,4;6,8;188,3;152,4;25,17;51,17;45,72;12,19;22,39;28,1;37,63
18;191;KAPLAN;GÖLGE;M2;896,7;529,3;882,4;3,23;7,92;62,54;6,701;65,52;5,6;66;6,2;146;207,6;22,21;32,45;49,63;12,54;21,28;27,79;32,56
18;191;KAPLAN;GÖLGE;M12;925,8;506,5;920,3;2,94;3,02;62,17;7,599;63,72;5,41;63,2;6,6;148,1;166;22,74;46,32;58,48;13,45;22,38;27,86;34,9
18;191;KAPLAN;GÖLGE;M13;962,6;586,8;955,8;3,05;5,06;62,69;7,053;65,59;7,69;65,4;7;148,4;214,1;22,88;54,79;59,04;12,99;21,69;22,81;39,46
18;191;KAPLAN;GÖLGE;M7;980,7;529,2;874;2,49;3,38;64,5;6,417;63,4;6,51;64,4;6,2;181;164;28,61;36,11;47,82;14,13;22,44;26,99;38,45
18;191;KAPLAN;GÖLGE;M2;998,9;557,1;892,9;2,4;4,98;63,06;7,765;63,82;7;64,3;6,9;177,6;188,6;25,28;40,9;45,92;13,02;21,8;28,7;35,34
18;191;KAPLAN;GÖLGE;M12;868,6;499;956,4;4,41;6,94;62,62;7,771;65,66;5,62;63,9;6,8;143,2;177,3;26,74;61,74;51,74;14,9;22,13;21,51;38,48
18;191;KAPLAN;GÖLGE;M13;897,9;513,5;966,8;4,62;8,05;62,25;7,135;63,2;7,13;64;6,6;161,7;151,5;27,23;43,09;50,79;13,86;22,31;23,3;35,74
18;191;KAPLAN;GÖLGE;M7;912,6;583,4;923;4,72;3,37;64,04;6,79;63,03;5,55;64;6;157,5;205,2;25,78;50,21;46,82;12,07;21,97;23,66;34,44
18;191;KAPLAN;GÖLGE;M2;905,7;489,4;952,6;3,65;6,52;64,15;6,401;62,24;5,83;64,8;6;152,2;161,9;25,09;53,14;49,5;12,34;22,96;25,63;36,95
18;191;KAPLAN;GÖLGE;M12;954,6;569,2;870,5;4,8;3,85;65,44;7,806;63,82;6,16;63,2;6,1;151;185,8;27,85;34,84;59,34;12,27;22,19;25,85;33,3
18;191;KAPLAN;GÖLGE;M13;1003,2;487,1;994,6;5,12;6,7;62,44;7,522;63,51;7,11;63,5;6,7;150,4;164,5;20,91;39,6;57,27;13,74;21,04;26,68;39,95
18;191;KAPLAN;GÖLGE;M7;902,6;551,5;879,2;2,71;6,83;65,88;7,216;65,61;6,15;65,8;6,3;189,9;203;26,43;33,5;55,29;14,76;22,67;20,23;37,26
18;191;KAPLAN;GÖLGE;M2;960,9;530,7;992,4;3,6;3,8;65,87;6,917;65,4;5,87;63,8;6;184,2;192,6;21,79;32,1;55,65;14,51;22,81;28,23;37,02
18;191;KAPLAN;GÖLGE;M12;1016,4;508,8;897,2;4,76;5,87;64,03;6,956;65,51;7,56;65,4;6,5;184;184,6;27,75;33,09;57,36;14,16;22,88;28,64;38,02
18;191;KAPLAN;GÖLGE;M13;914,1;509;963;3,59;5,89;66,09;7,898;65,99;5,91;64,8;6,5;182,9;175;26,14;48,78;51,66;14,52;22,23;24,55;36,55
18;191;KAPLAN;GÖLGE;M7;1015,3;581,2;1003,7;3,1;8,1;62,79;7,25;64,64;7,74;64,7;6,2;157,7;187,7;22,75;38,4;57,61;13,06;22,28;26,19;34,93
18;191;KAPLAN;GÖLGE;M2;910,1;567,4;924,2;4,23;4,11;64,82;7,284;64,94;5,51;64,9;6,1;166,9;215,8;24,91;52,01;52,64;12,58;22,28;25,59;39,43
18;191;KAPLAN;GÖLGE;M12;1002,5;523;946,5;4,91;3,55;64,95;6,877;65,9;6,7;65;6,4;144,1;165,6;20,19;35,4;59,92;13,48;22,78;23,81;34,75
18;191;KAPLAN;GÖLGE;M13;1009,1;583,7;962,6;5,02;3,36;65,96;6,779;64,25;5,57;64,7;6,3;162,6;156,7;22,33;59,39;47,23;12,92;21,02;25,07;31,78
18;191;KAPLAN;GÖLGE;M7;927,9;542,8;891,7;4,41;6,53;62,26;6,609;63,91;6,85;64,9;6,5;183,1;151,7;22,49;33,51;57,87;14,91;22,97;23,59;38,68
18;191;KAPLAN;GÖLGE;M2;956;562;943,6;2,57;6,46;65,74;7,395;63,43;6,21;63,9;6,6;148,9;174,2;27,88;58,14;55,39;12,48;22,29;23,02;37,28
18;191;KAPLAN;GÖLGE;M12;1008,1;510;884,5;3,98;3,12;65,78;7,158;63;6,11;63,9;6,3;147,2;159,8;27,09;44,13;46,93;13,81;21,12;28,54;33,01
18;191;KAPLAN;GÖLGE;M13;932,5;534,7;933,8;5,28;6,28;65,46;7,234;64,52;5,36;64,4;6,1;141,5;208,6;27,68;37,87;57,2;13;21,12;27,58;38,93
18;191;KAPLAN;GÖLGE;M7;920,1;549,3;968,1;4,26;6,66;66,24;6,369;62,67;7;63,9;6;154,3;161,4;28,74;42,84;48,46;14,28;21,14;27,06;37,08
18;191;KAPLAN;GÖLGE;M2;1007;569,3;994,7;2,89;3,8;65,66;7,188;65,67;7,74;65,8;6,6;156;219,7;27,31;40,32;49,15;14,38;21,57;28,48;33,94
18;191;KAPLAN;GÖLGE;M12;1004,3;567,6;889,5;4,74;4,92;66,64;7,103;65,76;7,12;66;6,5;169,3;212,1;28,2;49,56;57,92;12,8;22,03;24,48;38,46
18;191;KAPLAN;GÖLGE;M13;976,1;562,7;998,4;4,25;7,05;63,96;6,389;64,68;7,84;65,7;6,2;146,9;200,9;25,45;55,8;56,98;14,38;21,01;29,02;36,82
18;191;KAPLAN;GÖLGE;M7;991,9;509,3;977,3;4,74;5,6;63,87;6,373;63,33;7,89;64,8;6,6;151,7;196,9;28,03;54,2;46,56;13,62;22,14;29,41;38,88
18;191;KAPLAN;GÖLGE;M2;933,5;494,8;998;5,37;6,25;63,65;6,922;65,61;5,82;63,8;6,9;146,9;166,6;21,04;55,46;47,68;14,68;21,47;23,69;31,32
18;191;KAPLAN;GÖLGE;M12;888,4;534,3;1024,9;5,44;7,53;63,94;7,317;64,09;5,83;64,3;6,3;146,3;190,7;20,1;41,44;56,58;13,99;22,81;28,11;35,33
18;191;KAPLAN;GÖLGE;M13;958,4;554,4;954,3;2,55;4,55;66,31;7,27;62,66;7,01;65,8;6,6;145,2;207,3;21,24;32,95;49,16;13,18;21,56;21,66;33,77
18;191;KAPLAN;GÖLGE;M7;915,2;503,9;989,8;3,74;5,62;62,05;6,491;65,7;5,95;63,2;6,1;185,6;194,2;27,16;34,17;53,97;12,72;22,17;26,97;31,58
18;191;KAPLAN;GÖLGE;M2;867,3;487,4;871,8;2,7;6,93;64,28;7,238;63,73;7,42;64;6;180,5;198,5;22,34;61,43;49,36;12,35;22,44;21,76;31,58
18;191;KAPLAN;GÖLGE;M12;981;490,1;1010,6;4,54;3,68;66,74;7,401;63,24;6,09;65,9;6,5;161,3;179,3;26,31;46,62;59,72;14,51;21,83;28,6;38,28
18;191;KAPLAN;GÖLGE;M13;922,2;545;895,5;3,25;5,54;66,69;7,328;64,25;7,4;64,2;6,4;147,8;186,1;29,03;41,26;52,96;13,18;21,22;27,2;38,7
18;191;KAPLAN;GÖLGE;M7;999,2;537,1;911,9;4;5,23;66,22;7,68;63,85;5,6;64,1;7;166,3;185,7;20,37;50,07;54,17;14,6;21,33;28,36;38,58
18;191;KAPLAN;GÖLGE;M2;895,7;546,4;922,7;4,83;7,59;63,15;6,855;62,98;5,61;64,1;6,8;167,8;177,3;29,7;51,25;48,42;12,91;22,97;20,48;36,61
18;191;KAPLAN;GÖLGE;M12;947,6;574,9;933,5;4,21;2,6;64,62;7,378;64,86;7,83;64,8;6,6;148,5;190,7;20,47;33,9;45,3;14,92;22,67;28,53;35,77
18;191;KAPLAN;GÖLGE;M13;882,2;575,1;1022,9;3,39;7,09;64,5;7,556;63,32;6,37;65,5;6,3;149,2;181,8;24,43;33,6;48,67;14,17;21,16;22,08;34,5
18;191;KAPLAN;GÖLGE;M7;897;578,2;881;5,09;6,86;65,04;6,645;65,4;6,74;63,6;6,9;187,1;189,2;28,41;53,19;50,06;14,33;22,51;20,82;37,18
18;191;KAPLAN;GÖLGE;M2;983,1;537,8;938,7;5,1;4,05;64,5;6,797;63,82;5,26;63,7;6,2;181,6;181,5;25,31;39,67;59,69;13,21;21,61;25,66;38,51
18;191;KAPLAN;GÖLGE;M12;902,3;573,9;1022,8;3,96;3,31;66,22;7,321;62,47;7,26;64,8;6,2;177,3;180,7;29,32;34,69;50,53;12,65;21,67;27,74;31,63
18;191;KAPLAN;GÖLGE;M13;881,9;561,8;1025;2,88;6,33;65,66;7,245;63,23;5,92;63,2;6;146,3;194,6;28,64;45,92;53,42;12,54;21,57;22,03;38,03
18;191;KAPLAN;GÖLGE;M7;922,1;503,8;891,8;3,82;5,45;64,51;7,131;64,23;5,39;63,8;6,4;175,2;194;25,83;34,48;46,14;12,91;21,4;23,25;36,72
18;191;KAPLAN;GÖLGE;M2;872,9;547,3;904,1;3,63;7,94;64,96;6,813;62,05;5,35;65,7;6;163,8;205;25,67;53,51;47,22;12,65;21,59;21,38;33,53
18;191;KAPLAN;GÖLGE;M12;1000,6;496,9;897,8;5,08;6,71;65,64;7,166;65,63;5,77;64,1;6,5;144,9;181,8;25,83;36,73;52,36;13,81;22,7;21,15;33,24
18;191;KAPLAN;GÖLGE;M13;885,7;509,6;1019,9;4,39;6,09;64,82;7,654;64,71;5,61;64;6,6;187;161,8;27,11;39,37;58,73;14,91;21,47;29,33;39,82
18;191;KAPLAN;GÖLGE;M7;922,3;515,3;998;4,75;4,29;66,51;6,442;63,86;6,69;64,1;6,6;177,6;186,3;26,61;42,49;47,66;14,74;21,07;29,43;34,4
18;191;KAPLAN;GÖLGE;M2;987,9;503,5;921,6;5,11;3,47;65,59;6,882;64,94;5,61;63,6;6,9;188,8;171,4;25,48;34,31;51,86;12,98;22,44;24,47;39,25
18;191;KAPLAN;GÖLGE;M12;936,9;491,7;901,7;2,59;6,94;64,05;7,718;62,3;6,4;65,3;6,9;147,4;154,5;22,82;36,17;48,88;14,34;21,75;25,55;34,19
18;191;KAPLAN;GÖLGE;M13;884,1;581,9;960,6;3,05;7,25;64,12;6,638;62,31;6,43;63,2;6,4;180,9;171,7;20,01;54,88;45,61;12,31;21,76;29,21;39,98
18;191;KAPLAN;GÖLGE;M7;961,6;513,3;966,6;3,79;7,53;64,92;7,011;63,17;7,75;64,1;6,5;157,8;202,3;25,17;34,06;55,37;12,99;22,65;22,79;37,35
18;191;KAPLAN;GÖLGE;M2;942,8;509;900,8;4,99;5,82;65,23;6,949;65,43;7,78;63,6;6,4;148,2;153,6;27,27;51,1;49,85;12,95;22,53;28,81;32,43
18;191;KAPLAN;GÖLGE;M12;1008,3;568,2;919,4;3,09;6,93;64,31;6,38;63,71;6,44;64,8;7;171,8;186;25,23;37,18;55,53;13,23;21,33;29,31;33,27
18;191;KAPLAN;GÖLGE;M13;935,7;587,1;1024,4;2,83;3,56;65,95;7,895;65,1;6,62;64,2;6,7;153,5;213,3;21,41;52,8;55,85;14,72;22,43;23,25;35,81
18;191;KAPLAN;GÖLGE;M7;903,2;574,4;900,8;3,41;4,25;62,99;6,619;65,07;6,77;65,9;6,2;176,1;165,5;29,97;49,9;46,2;13,17;21,02;24,77;39,58
18;191;KAPLAN;GÖLGE;M2;981,8;490,7;968,3;3,1;5,39;62,6;7,523;66;6,3;63,6;6,6;148,5;160;26,82;42,67;55,38;14,16;21,41;26,14;38,5
18;191;KAPLAN;GÖLGE;M12;1010,6;539,2;906,2;4,3;4,85;62,24;7,201;63,15;6,32;65,4;6,6;143,6;202,3;21,83;60,1;55,81;14,74;21,35;21,88;39,2
18;191;KAPLAN;GÖLGE;M13;871,2;536,6;958,3;2,87;5,83;64,14;7,89;64,87;7,81;64;6,8;176,2;215,3;28,02;63,07;50,11;14,56;22,48;22,38;38,48
18;191;KAPLAN;GÖLGE;M7;882,6;569,5;993,9;5,13;4,12;62,45;7,385;62;7,4;63,8;6,4;164,4;210,1;25,69;50,86;46,86;13,97;22,2;20,25;38,27
18;191;KAPLAN;GÖLGE;M2;922,3;549,7;996,7;2,73;3,57;62,69;6,943;65,88;5,26;63,3;6,2;189,8;159,9;26,94;51,04;50,49;13,39;22,91;23,05;35,41
18;191;KAPLAN;GÖLGE;M12;992,5;553,2;1012,5;3,33;2,91;64,84;6,794;65,42;6,35;64,1;7;188,7;169;24,06;57,87;55,22;14,51;22,69;27,7;39,55
18;191;KAPLAN;GÖLGE;M2;890,4;511,9;1018,5;3,01;3,1;62,29;7,719;64,07;7,05;65,4;6,6;155,3;196,4;24,11;61,8;57,47;12,79;21,51;20,94;34,66
18;191;KAPLAN;GÖLGE;M12;867,5;501,4;990,4;4,47;4,98;62,17;7,18;63,33;6,11;66;6,4;149,9;200,7;21,27;56,66;57,36;13,71;22,81;22,93;34,11
18;191;KAPLAN;GÖLGE;M13;912;574,4;1028,3;4,78;3,33;65,58;7,297;62,39;5,65;64,3;6,3;163,1;214,7;24,92;31,7;52,88;13,05;21,83;22,7;39,01
18;191;KAPLAN;GÖLGE;M7;963,2;576,7;963,1;2,76;7,27;63,95;7,36;62,07;7,55;65,5;6,6;158,3;177,8;23,16;63,86;52,06;12,49;22,7;25,11;37,38
18;191;KAPLAN;GÖLGE;M2;1016,8;486,2;931,8;3,63;2,68;65,85;7,421;64,26;7,73;65,3;6,2;145;172,4;25,52;52,26;53,36;13,15;22,31;21,17;36,46
18;191;KAPLAN;GÖLGE;M12;991,5;578,5;981,8;2,43;3,94;64,25;7,205;63,92;5,75;64,5;6,7;167;164,9;25,78;31,27;53,02;14,71;21,73;21,02;35,8
18;191;KAPLAN;GÖLGE;M13;923;575,9;949,7;3,3;3,67;65,2;7,712;65,15;7,91;64,8;7;182;159,1;29,25;50,68;48,54;14,17;21,02;22,31;33,57
18;191;KAPLAN;GÖLGE;M7;997,7;495,1;973,6;4,49;4,93;62,33;7,733;65,88;6,58;63,9;6,8;170,6;196,9;27,97;50,52;48,54;12,5;22,81;28,7;36,83
18;191;KAPLAN;GÖLGE;M2;908,7;586,1;926,6;5,02;5,91;65,72;6,588;63,08;5,03;63,7;6,9;153,5;212,9;25,68;61,5;49,59;12,07;21,37;29,19;32,04
18;191;KAPLAN;GÖLGE;M12;904,6;528,5;998,8;3,16;5,04;64,21;6,822;63,01;6,07;63;6,1;143,2;175,3;27,83;31,44;58,36;13,84;21,47;29,97;36,05
18;191;KAPLAN;GÖLGE;M13;983,6;487,4;1002,5;4,64;3,04;63,03;7,493;64,9;5,93;64,9;6,4;150;175,2;26,66;59,94;51,98;12;22,96;26,97;32,52
18;191;KAPLAN;GÖLGE;M7;1004,2;536,8;950,4;2,68;6,79;66,23;7,822;65,88;6,9;63,6;6,9;147,3;191,3;21,17;35,54;59,34;14,23;21,99;26,69;39,49
18;191;KAPLAN;GÖLGE;M2;953,3;537,2;993,6;3,6;3,9;62,77;6,558;63,55;7,19;65,6;6,9;162,3;156,7;25,91;63,8;59,44;14,91;22,22;23,13;32,11
18;191;KAPLAN;GÖLGE;M12;965,7;532,3;881,5;2,58;7,9;63,76;6,482;65,97;5,87;63,4;6,6;169,5;212,7;28,11;51,66;58,83;14,48;21,89;28,88;39,94
18;191;KAPLAN;GÖLGE;M13;994,7;521,2;991,3;3,76;7,88;64,31;6,821;65,49;7,02;63,7;6,2;158,5;171,6;20,7;33,39;47,83;14,38;21,09;27,32;36,65
18;191;KAPLAN;GÖLGE;M7;867,1;563,3;929,7;3,24;7,07;62,25;7,024;65,1;7,28;63,9;6,3;183,5;174,6;25,41;40,95;54,63;14,41;21,09;22,84;31,85
18;191;KAPLAN;GÖLGE;M2;942,7;485,6;934,1;2,57;6,31;64,13;7,692;62,82;5,26;63,2;6,1;188,3;211,4;27,47;53,57;46,7;14,08;22,91;24,35;34,02
18;191;KAPLAN;GÖLGE;M12;873,6;485,8;1000,6;5,36;6,72;62,89;6,448;65,99;5,66;65,6;6;150;216;28,07;45,55;48,53;12,79;22,03;28,07;31,72
18;191;KAPLAN;GÖLGE;M13;1016,4;539,8;998,5;4,73;5,57;66,2;7,898;65,43;5,69;63,6;6,4;160,1;190,6;28,35;31,75;50,91;14,54;21,89;27,75;31,1
18;191;KAPLAN;GÖLGE;M7;1002,8;527,5;981,5;5,14;4,13;62,63;6,895;62,88;7,79;63,7;6;144,6;199,2;29,22;36,35;51,68;14,93;21,26;26,62;36,33
18;191;KAPLAN;GÖLGE;M2;1016,8;583;1008;5,39;3,32;62,24;6,779;63,04;5,88;65,5;6,3;152,9;166,2;27,38;59,83;46,08;14,04;21,23;23,1;34,42
18;191;KAPLAN;GÖLGE;M12;922,1;490;987,1;3,25;3,47;63,64;7,421;63,37;6,22;63,2;7;150,3;151,1;27,62;55,66;55,27;13,14;21,44;20,74;34,18
18;191;KAPLAN;GÖLGE;M13;1011;537,5;899,5;3,79;7,77;63,87;7,88;64,11;5,76;63,4;6,1;154,7;213,2;25,14;30,97;49,42;13,55;22,4;21,14;36,09
18;191;KAPLAN;GÖLGE;M7;923,5;510,7;913,2;3,86;5,87;62,72;7,016;64,95;5,59;65,2;6,8;151,9;203,2;22,94;32,17;57,86;13,23;21,84;24,48;31,05
18;191;KAPLAN;GÖLGE;M2;943,6;492,3;973,7;2,8;4,17;65,51;7,21;65,46;5,26;65,8;6,6;186,2;196,1;24,93;52,6;57,58;13,09;21,61;29,73;33,39
18;191;KAPLAN;GÖLGE;M12;996,5;491,3;1009,9;4,87;4,56;63,07;6,698;63,92;7,87;63,1;6,4;150,4;188,8;28,85;40,35;54,36;12,96;21,61;21,15;34,73
18;191;KAPLAN;GÖLGE;M13;902,7;517,5;1022,4;2,78;3,58;63,83;6,639;62,33;5,53;63,5;6,9;141;153,5;27,71;44,07;54,92;12,6;21,03;24,67;33,46
18;191;KAPLAN;GÖLGE;M7;882,2;518;964,1;5,37;4,55;62,61;7,43;64;5,39;63,2;6,3;176,6;193,6;21,85;52,4;48,79;14,23;22,21;28,24;38,85
18;191;KAPLAN;GÖLGE;M2;988,9;543,6;964,1;4,16;4,97;64,99;6,868;64,25;7,58;63,8;6,7;160,2;155,2;26,69;51,97;56,86;12,96;21,84;28,76;37,53
18;191;KAPLAN;GÖLGE;M12;960,8;511,8;985,4;5,34;3,65;64,63;7,586;63,67;6,31;65,1;7;176,7;152;21,36;44,94;51,38;14,55;22,79;21,59;34,25
18;191;KAPLAN;GÖLGE;M13;886,6;549,5;916,3;4,21;6,19;63,47;6,536;65,87;7,68;65,6;7;167,6;218,5;22,9;52,07;54,15;13,25;21,65;22,17;31,71
18;191;KAPLAN;GÖLGE;M7;946;535;907,1;4,3;2,99;65,61;6,686;63,37;5,23;65;6,2;175,4;161,4;25,37;45,61;50,93;13,52;22,32;28,23;34,66
18;191;KAPLAN;GÖLGE;M2;882,2;530,3;909,4;5,17;7,36;65,04;7,448;62,05;6,89;65,3;6,2;142;204,8;25,34;48,62;47,63;13,09;21,92;20,58;33,38
18;191;KAPLAN;GÖLGE;M12;944,1;546,7;1023,1;2,84;5,7;62,01;7,446;62,69;6,59;63;6,4;143,7;156,5;22,3;53,87;53,97;13,29;21,65;22,49;35,39
18;191;KAPLAN;GÖLGE;M13;885,9;554,5;981,9;4,73;6,78;62,85;6,66;62,79;5,63;64,4;6,3;166;177,5;28,14;48,87;59,23;12,6;22,7;27,09;31,02
18;191;KAPLAN;GÖLGE;M7;1013,4;550,6;930,8;4,86;5,98;64,46;7,212;62,32;5,56;65;6,1;162,9;211,9;20,51;61,73;51,96;12,43;22,81;20,96;39,91
18;191;KAPLAN;GÖLGE;M2;873;526,6;879,9;3,6;6,27;64,78;6,44;64,89;5,57;64,1;6,7;149,5;157,5;23,11;59,87;56,21;12,7;21,93;20,49;39,52
18;191;KAPLAN;GÖLGE;M12;965,6;585,3;998,3;4,36;6,88;63,49;7,628;65,35;6,61;64;6,9;162,9;206,4;29,36;60,11;55,76;14,08;22,53;27,24;34,66
18;191;KAPLAN;GÖLGE;M13;914,9;588,7;914,4;2,81;6,79;63,78;6,852;63,81;7,94;63,4;6,9;178,5;161,2;25,42;46,08;53,93;14,85;21,51;23,91;38,15
18;191;KAPLAN;GÖLGE;M7;899;499,1;972,7;3,92;7,86;63,91;7,345;62,24;5,83;63,3;6,1;162,1;214,1;28,05;37,43;56,14;14,26;21,71;28,52;38,66
18;191;KAPLAN;GÖLGE;M2;955,7;503,4;984,7;4,35;5,02;63,26;7,044;62,08;6,85;64,1;6,9;141,7;168,4;26,05;60,2;53,1;12,14;21,04;21,74;31,81
18;191;KAPLAN;GÖLGE;M12;956,8;553,4;955,5;4,71;5,5;65,81;7,389;64,18;6,37;63,5;6;161,7;165,7;29,8;46,81;55,25;12,03;22,98;22,83;36,24
18;191;KAPLAN;GÖLGE;M13;992,4;509,1;879,1;4,63;5,11;62,92;7,825;65,94;7,26;63,1;6,3;182,6;178,1;20,26;48,84;52,98;13,74;21,07;29,1;39,98
18;191;KAPLAN;GÖLGE;M7;982,2;493,1;975,5;3,81;7,44;66,34;7,191;63,87;6,92;64;6,5;173,4;195,5;26,58;61,98;57,75;14,88;22,66;26,2;35,28
18;191;KAPLAN;GÖLGE;M2;970,3;487,1;907,4;3,55;5,38;66,4;7,49;64,21;7,44;64,9;6,4;159,6;180,4;25,62;59,38;54,95;13,99;22,14;28,05;31,9
18;191;KAPLAN;GÖLGE;M12;900,2;570,1;957,4;3,76;7,2;63,83;7,222;62,19;7,32;64,6;6,3;183,6;183,4;22,88;47,89;55,95;12,79;21,04;29,52;32,05
18;191;KAPLAN;GÖLGE;M13;1015,9;530,7;937,4;4,39;5,88;62,86;6,926;63,66;7,61;63,1;6,1;182,7;180,2;22,7;58,77;46,47;12,71;21,03;28,71;37,07
18;191;KAPLAN;GÖLGE;M7;870,8;543,8;934,6;4,45;6,39;66,56;6,766;63,56;7,72;64,2;6,3;167,6;208,2;29,07;56,16;59,3;12,91;22,47;21,28;36,3
18;191;KAPLAN;GÖLGE;M2;1012,8;500,2;887,6;3,52;4,58;63,19;7,769;65,73;5,27;63,4;6,1;155,5;192,4;26,47;47,27;51,56;13,2;21,72;26,36;32,16
18;191;KAPLAN;GÖLGE;M12;994,7;551,4;921,1;3,19;5,23;65,09;6,54;65,17;5,77;64,7;6,5;172,2;161,1;23,65;46,81;47,41;12,57;21,69;28,86;32,26
18;191;KAPLAN;GÖLGE;M13;888,1;519,6;1006,2;5,08;4,64;66,1;7,466;64,42;5,41;65,2;6,6;185;191,3;26,83;40,55;45,85;14,41;21,99;28,93;32,13
18;191;KAPLAN;GÖLGE;M7;936;561,6;894,4;5,13;3,96;65,45;7,565;62,08;7,65;63;6,1;161,4;162,6;27,27;54,75;59,93;12,16;21,28;24,24;35,88
18;191;KAPLAN;GÖLGE;M2;987,2;582;942,5;4,53;3,1;66,67;7,487;65,21;7,64;64,6;6,4;182,3;204,2;26,09;49,84;51,03;12,29;21,77;26,52;32,13
18;191;KAPLAN;GÖLGE;M12;890,7;512,1;950,6;4,28;2,59;62,11;7,729;65,11;7,96;63,1;6,6;147,5;168,5;22,56;31,24;47,29;13,39;21,83;23,31;32,73
18;191;KAPLAN;GÖLGE;M13;872,8;531,6;961,1;4,19;5,67;65,14;7,549;63,49;7,66;66;6,5;167,4;216,8;26,89;57;49,1;13,84;21,57;20,43;33,4
18;191;KAPLAN;GÖLGE;M7;902,3;554;942,2;3,32;5,05;66,74;6,548;62,23;6,83;63,1;6,7;172,7;168,7;26,71;43,75;59,98;12,69;22,69;28,76;38,28
18;191;KAPLAN;GÖLGE;M2;985,9;509,1;962;5,1;4,32;63,51;6,611;65,3;5,68;63,1;6,2;172,7;188,2;26,14;41,88;47,08;13,87;21,15;29,06;35,33
18;191;KAPLAN;GÖLGE;M12;881,3;531,5;947,6;4,02;3,51;65,47;7,842;65,04;7,91;64,8;6,3;175,6;178,8;29,74;64,71;49,95;12,34;21,84;22,92;35,93
18;191;KAPLAN;GÖLGE;M13;928,8;506,7;1011,7;5,5;3,03;63,43;7,001;65,3;6,34;63,7;6,9;148,7;175,3;26,48;46,1;46,33;13,83;22,87;24,22;39,1
18;191;KAPLAN;GÖLGE;M7;961,3;528,7;899,4;2,63;8,04;66,19;7,771;64,41;7,99;63,8;6,3;160,2;177,3;29,92;53,94;48,74;14,47;21,61;23,47;31,18
18;191;KAPLAN;GÖLGE;M2;878,1;487,4;891,3;4,94;3,88;62,91;7,037;65,44;6,96;66;6,7;151;184,7;23,52;33,95;55,12;13,69;21,65;25,66;38,74
18;191;KAPLAN;GÖLGE;M12;983,9;550,4;1013,4;5,02;4,24;62,61;6,373;65,91;6,87;63,2;6,6;157,4;166,1;23,26;38,9;55,32;14,5;21,17;28,65;39,58
18;191;KAPLAN;GÖLGE;M13;983;513,9;960,4;5,39;7,11;62,83;6,602;65,02;6,16;66;7;178,2;208,7;22,86;40,16;58,34;13,83;21,85;27,1;36,77
18;191;KAPLAN;GÖLGE;M7;922,4;531,1;1008,2;2,7;5,85;63,04;7,496;63,14;7,86;64,2;7;168,9;216,7;26,59;56,14;54,09;14,87;22,1;22,2;35,89
18;191;KAPLAN;GÖLGE;M2;927;557,5;909,1;5,43;7,77;62,78;6,974;65,1;6,96;65,4;6,2;188,1;165,1;21,37;47,41;54,28;14,6;22,43;21,06;39,37
18;191;KAPLAN;GÖLGE;M12;1000,5;495,1;976,2;4,13;4,12;63,78;6,721;62,66;6,85;63,8;6,1;155,9;218;25,2;60,67;52,92;12,02;21,38;28,71;34
18;191;KAPLAN;GÖLGE;M13;966,3;521,4;943,2;3,32;2,7;62,85;7,106;63,73;6,35;65,6;6,8;143,5;178,8;29,96;61,36;45,27;13,42;21,55;20,81;36,42
18;191;KAPLAN;GÖLGE;M7;938,1;496,7;914,9;4,3;4,35;62,47;6,62;64,96;5,82;63;6,6;153,3;178,5;23,85;31,56;49,1;12,54;22,69;26,08;36,89
18;191;KAPLAN;GÖLGE;M2;985,5;503,1;1027,6;4,83;4,12;65,59;6,765;63,98;6,02;63,7;6,4;172,1;213,1;25,92;37,75;59,27;14,22;22,49;23,22;35,31
18;191;KAPLAN;GÖLGE;M12;875,6;575,9;959;5,13;7,55;62,49;6,911;62,8;7,64;63,1;6,4;167,4;171;28,08;49,33;45,58;13,13;21,87;26,9;35,25
18;191;KAPLAN;GÖLGE;M13;1009,3;548,3;1013,7;3,93;5,69;64,78;7,605;63,42;5,3;63,8;7;170,8;161,9;21,97;60,24;49,71;14,37;21,41;27,16;32,57
18;191;KAPLAN;GÖLGE;M7;872,1;560,5;979,4;3,07;8,14;63,23;6,355;63,77;5,12;64,9;6,4;145,6;170,6;29,49;40,1;50,02;13,8;21,73;20,15;31,36
18;191;KAPLAN;GÖLGE;M2;967,9;541,4;884,5;3,4;7,33;63,37;6,968;65,34;7,75;65,8;6,7;162,4;182,4;23,33;61,93;58,88;13,92;21,71;23;34,88
18;191;KAPLAN;GÖLGE;M12;888,2;499,7;872,6;5,25;5,05;63,45;7,156;62,91;5,77;65,5;6,9;185,8;210;23,08;46,11;51,62;12,76;22,1;29,01;35,45
18;191;KAPLAN;GÖLGE;M13;998,1;552,2;875,2;4,02;5,03;62,74;7,765;65,39;5,8;63,8;6,8;189,5;200,1;21,34;53,24;53,19;13,36;22,45;28,04;37,02
18;191;KAPLAN;GÖLGE;M7;912;540,8;919,7;4,32;6,07;62,72;7,195;64,37;6,12;65,8;6,5;148;217,7;28,51;47,62;50,55;14,13;21,06;26,27;39,83
18;191;KAPLAN;GÖLGE;M2;1000,5;528;947,4;2,84;3,91;62,45;6,918;65,22;6,29;63,6;6,2;178,2;170,2;24,18;35,67;56,13;12,61;22,35;23,03;36,31
18;191;KAPLAN;GÖLGE;M12;884;549,2;1010,1;3,24;5,97;63,78;7,874;62,4;6,89;65,5;6,6;142;201,8;20,37;50,16;51,78;13,38;21,53;28,42;32,78
18;191;KAPLAN;GÖLGE;M13;926,4;527,4;975,1;3,84;5,8;62,43;7,276;63,14;5,47;64,1;6,8;165,6;210,6;26,06;64,46;55,42;13,34;22,16;23,42;33,36
18;191;KAPLAN;GÖLGE;M7;911,7;530;922;2,49;4,48;63,14;7,301;63,8;5,87;63,7;6,5;156;188,8;27,99;63,84;45,06;12,84;21,03;29,89;35,64
18;191;KAPLAN;GÖLGE;M2;888,2;498,1;916,3;3;4,38;65,58;7,059;65,4;5,06;63,4;6,4;144,4;157,6;27,09;50,13;53,48;12,99;22,94;28,55;39,96
18;191;KAPLAN;GÖLGE;M12;895,1;542,4;871,2;2,97;3,08;65,44;7,547;63,88;6,07;65,2;6,4;142,4;163,2;22,43;49,93;45,15;14,65;22,8;20,1;37,01
18;191;KAPLAN;GÖLGE;M13;902;575;1022,3;3,29;5,68;66,66;7,457;65,78;5,15;63,7;6,7;189,6;196,1;27,33;45,72;48,95;14,72;22,23;25,75;32,86
18;191;KAPLAN;GÖLGE;M7;986,9;538,2;993,5;3,23;4,6;63,72;7,053;65,13;6;66;6,7;144,1;216,5;22,49;35,47;53,26;12,3;22,76;23,21;37,46
18;191;KAPLAN;GÖLGE;M2;943,2;548,3;923,4;4,86;6,04;65,72;7,668;63,32;5,01;64,3;6,5;184,4;184,3;26,34;43,96;46,58;12,65;21,76;22,63;33,65
18;191;KAPLAN;GÖLGE;M12;906,2;573,2;913,3;5;5,41;62,27;7,35;64,13;5,17;65,2;6,3;182,3;154;22,77;49,22;56,57;13,18;22,21;20,8;38,12
18;191;KAPLAN;GÖLGE;M13;893,6;586;994,2;3,61;6,46;62,64;7,119;63,42;6,66;64,4;6,8;183,1;183,5;21,75;55,51;46,61;14,74;21,45;29,04;31,56
18;191;KAPLAN;GÖLGE;M7;986,4;508,5;982,2;4,64;2,94;62,26;6,845;64,46;6,31;65,8;6,5;164,4;214,2;28,08;54,1;54,62;14,86;22,06;27,23;38,52
18;191;KAPLAN;GÖLGE;M2;870,7;585,3;976,2;3,8;5,3;62,56;7,485;63,94;5,46;63,7;6;186,9;210,4;27,7;64,96;46,06;13,76;22,09;25,91;35,36
18;191;KAPLAN;GÖLGE;M12;972,5;556,8;877,2;3,85;4,15;64,85;6,74;63;6,8;63,5;6,4;151,8;183,2;27,02;37,17;55,15;13,58;22,61;29,17;32,01
18;191;KAPLAN;GÖLGE;M13;1002,6;528,3;876,5;4,6;4,21;64,44;7,201;65,13;5,01;65,4;6,8;167,9;186,5;28,54;31,94;51,81;13,27;22,82;28,33;35,33
18;191;KAPLAN;GÖLGE;M7;891;580,4;959;2,59;3,48;63,92;6,911;65,18;7,62;63,2;6,5;155,1;208,1;23,67;62,28;46,85;14,87;21,11;28,32;36,95
18;191;KAPLAN;GÖLGE;M2;1000,3;513,6;930,3;4,37;4,24;62,09;6,566;65,72;6,3;65,4;6,8;181;153,7;20,12;56,66;52,6;13,05;22,91;21,24;38,51
18;191;KAPLAN;GÖLGE;M12;907;541,5;931,1;4,05;4,88;66,7;7,809;62,33;5,72;64,2;6,3;174,4;195,9;26,98;35,39;54,16;13,59;22,19;28,58;38,49
18;191;KAPLAN;GÖLGE;M13;930,7;559,2;960,5;4,42;5,23;62,63;7,207;62,02;5,59;63,6;6,1;167,3;211,3;20,38;36,6;49,62;12,81;22,47;26,04;34,49
18;191;KAPLAN;GÖLGE;M7;1001,7;542,5;973;5,11;2,87;62;6,714;63,64;6,38;65,2;6,6;179,5;192,2;22,51;34,93;57,93;12,06;22,43;28,89;31,36
18;191;KAPLAN;GÖLGE;M2;878,9;584,3;994,6;5,13;4,41;63,33;7,477;65,78;7,39;63,9;6,3;189,9;198;25,88;56,06;55,05;13,77;22,92;24,9;37,39
18;191;KAPLAN;GÖLGE;M12;947,2;532,5;943,6;2,46;3,29;62,34;6,828;65,76;7,42;63,1;6,9;176,6;164,8;28,12;38,73;45,42;12,86;21,71;20,86;39,44
18;191;KAPLAN;GÖLGE;M13;1011,9;492,9;877,2;3,28;2,74;63,27;6,847;63,72;7,78;64,8;6,2;149,2;179,6;29,57;50,62;49,69;12,17;22,96;22,04;31,59
18;191;KAPLAN;GÖLGE;M7;1009,5;537,5;983,9;3,95;3,67;65,48;7,047;65,64;6,91;63,6;6,7;187,7;190,1;22,06;43,21;46,46;12,62;21,38;27,35;33,26
18;191;KAPLAN;GÖLGE;M2;887,3;500,8;931,5;2,96;2,79;62,49;7,632;65,67;5,22;65,6;6,3;173,9;159,5;28,56;55,62;50,03;14,26;21,98;20,61;33,27
18;191;KAPLAN;GÖLGE;M12;900,7;549,7;926,2;4,97;2,63;62,03;7,729;63,82;6,29;64,4;6,7;154;167,2;26,73;60,46;46,79;14,24;22,14;20,07;31,14
18;191;KAPLAN;GÖLGE;M13;894;554;888,7;4,01;3,37;64,53;7,738;64,94;6,42;64,5;6,7;145;167;22,78;46,62;59,63;14,29;22,65;22,94;35,36
18;191;KAPLAN;GÖLGE;M7;894;508,3;979,3;3;2,91;64,56;7,777;65,04;6,85;64,3;6,6;172,2;155,8;26,16;64,59;57,18;12,99;22,87;24,53;39,71
18;191;KAPLAN;GÖLGE;M2;1003,3;582,2;875,7;4,43;2,56;62,8;6,915;64,86;7,79;64,6;6,6;149,1;218,9;28,47;58,94;46;14,4;21,54;21,03;35,72
18;191;KAPLAN;GÖLGE;M12;868,3;517;884;3,02;3,23;62,21;6,701;65,66;7,42;63,4;6,5;162,4;196,2;24,81;61,24;52,11;13,45;21,62;25,6;38,42
18;191;KAPLAN;GÖLGE;M13;977,3;578,8;1013,7;2,85;7,6;63,06;6,827;62,28;5,09;63,3;6,7;180,8;196,4;24,48;51,32;53,2;14,86;22,85;24,67;37,44
18;191;KAPLAN;GÖLGE;M7;971;585,4;922,8;4,69;5,82;63,34;6,392;62,09;6,67;63,7;6,1;173,1;198,5;22,13;42,91;47;13,87;22,24;28,59;39,55
18;191;KAPLAN;GÖLGE;M2;948,4;532,8;876,5;3,32;5,49;63,7;7,355;64,6;5,07;64,1;6,7;149,4;194;27,76;63,17;54,57;12,8;21,26;27,7;32,32
18;191;KAPLAN;GÖLGE;M12;963,6;587,1;1027,3;3,13;3,01;62,92;7,875;65,66;7,55;63;6,6;181,1;184,3;25,86;59,31;49,31;13,27;22,9;21,24;31,31
18;191;KAPLAN;GÖLGE;M13;878,5;584,3;972,4;2,82;3,13;64,09;7,443;64,88;6,92;65,6;6,7;143,6;219,4;29,9;56,95;47,59;13,32;22,67;26,56;37,74
18;191;KAPLAN;GÖLGE;M7;892,4;523,3;879,7;3,54;6,22;63,03;7,766;62,01;5,79;65,6;6,9;189,6;170,9;29,87;39,85;47,22;14,6;21,72;26,11;33,46
18;191;KAPLAN;GÖLGE;M2;944,4;564,5;908,1;4,98;4,95;66,06;6,393;62,8;5,84;65,7;6,7;154,7;208,8;20,51;50,86;45,82;12,22;22,01;25,62;34,36
18;191;KAPLAN;GÖLGE;M12;972,9;578,3;925,7;5,08;7,14;63,63;6,517;64,03;5,05;65,1;6,2;169,1;207,9;28,27;58,84;53,51;12,47;22,66;25,49;37,08
18;191;KAPLAN;GÖLGE;M13;908,5;527,8;936,4;4,91;7,31;62;7,562;65,94;5,48;65,4;6,3;155,1;186,5;24,94;54,28;50,1;12,17;22,5;23,48;34,71
18;191;KAPLAN;GÖLGE;M7;957,2;572,3;1004,1;2,53;4,73;66,77;7,889;62,01;7,04;63,2;6,2;151,7;208;27,4;64,3;50,09;13,38;21,01;20,46;34,24
18;191;KAPLAN;GÖLGE;M2;871,3;495,3;975,7;2,64;6,33;62,4;7,012;63,25;5,87;63,4;6;188,5;206,2;26,78;63,34;49,83;13,12;21,67;27,41;35,75
18;191;KAPLAN;GÖLGE;M12;940,1;562;933,5;5,4;3,44;65,63;7,412;63,04;5,43;65,6;6,3;184,2;178,5;25,46;30,54;53,2;12,48;21,75;29,97;33,72
18;191;KAPLAN;GÖLGE;M13;892;544,7;950,3;5,16;5,41;65,98;7,512;64,77;7,03;63,3;6,7;177,9;182,7;25,25;60,38;57,87;12,43;21,88;23,37;36,03
18;191;KAPLAN;GÖLGE;M7;936,1;586,8;946,7;3,49;7,91;65,67;7,871;63,93;7,1;63,2;7;183,2;204,5;20,83;54,74;55,74;14,54;22,07;25,99;39,86
18;191;KAPLAN;GÖLGE;M2;939,5;583,4;983,2;3,55;5,52;66,34;7,731;65,43;5,74;63,6;6,4;149,6;212,1;21,69;63,32;51,15;13,43;21,8;26,4;38,7
18;191;KAPLAN;GÖLGE;M12;1004,5;533,2;961,5;5,27;4,68;64,06;7,671;65,18;5,95;64,4;6,9;179,3;162;24,98;38,94;57,71;12,01;22,19;27,16;39,56
18;191;KAPLAN;GÖLGE;M13;916,7;554,5;952,6;5,25;3,18;63,96;6,944;62,37;6,79;64,4;6,2;150,8;164,8;25,88;59,09;59,34;14,95;21,58;26,56;37,4
18;191;KAPLAN;GÖLGE;M7;875,2;493,3;941,5;3,32;4;63,55;6,35;62,93;6,16;63,1;6,7;177,9;198,7;24,9;44,48;47,19;13,4;22,6;27,81;34,74
18;191;KAPLAN;GÖLGE;M2;903,8;533,2;988,7;3,13;7,43;66,78;6,473;62,51;6,31;63,8;6,5;165,2;213,3;23;37,37;58,97;13,02;21,01;25,32;32,91
18;191;KAPLAN;GÖLGE;M12;954,5;527,2;961,2;3,5;3,35;62,88;6,535;64,27;7,7;65,9;6,1;178,9;185,4;22,17;45,57;54,39;14,04;21,32;24,74;34,3
18;191;KAPLAN;GÖLGE;M13;955,4;501,2;944,3;5,49;4,73;63,15;7,818;65;5,63;65,4;7;148,5;196,2;27,29;44,65;54,77;12,73;21,72;24,64;36,51
18;191;KAPLAN;GÖLGE;M7;1008,5;524;899,4;5,21;6,23;63,69;7,477;62,85;5,87;63,4;6,6;141,5;213,2;23,89;45,18;56,92;13,22;22,78;23,65;38,8
18;191;KAPLAN;GÖLGE;M2;942,7;522;940,4;4,58;4,16;62,65;7,605;63,52;7,14;63,4;6,8;147,5;185,7;26,85;64,68;57,46;12,84;21,53;22,51;38,32
18;191;KAPLAN;GÖLGE;M12;880,6;554,5;883,3;4,3;6,58;66,15;7,672;64,84;7,18;65,7;6,4;187,5;151,3;26,96;57,31;46,45;12,1;22,23;25,13;36,16
18;191;KAPLAN;GÖLGE;M13;1016,6;580;967,1;2,85;6,03;63,25;6,703;62,93;7,94;64,3;6,4;189,3;218,4;24,18;36,45;59,46;12,78;22,38;25,77;32,83
18;191;KAPLAN;GÖLGE;M7;953,2;586,9;930,4;5,03;8,06;63,52;7,069;64,06;7,13;65;6,8;173,5;160,7;28,33;42,86;49,27;12,17;22,89;26,12;37,88
18;191;KAPLAN;GÖLGE;M2;923,4;516,4;879,3;4,84;8,12;64,5;7,318;64,28;6,3;64,5;7;166,2;171,2;26,38;52,27;52,57;12,26;22,52;20,1;33,39
18;191;KAPLAN;GÖLGE;M12;957,9;574,4;973,6;4,95;2,68;64,02;7,841;62,16;6,72;64,3;6,6;147;180,4;27,17;47,52;55,87;12,71;22,16;29,81;35,82
18;191;KAPLAN;GÖLGE;M13;909,6;533;996,9;5,02;6,06;64,77;7,566;64,6;6,56;63,7;6,9;158,9;179,6;28,94;42,89;58,95;12,36;22,71;25,22;34,98
18;191;KAPLAN;GÖLGE;M7;967,6;493,7;953,4;4,22;4,42;63,17;7,509;65,5;6,92;65,2;6,8;183,6;152,5;26,98;32,01;53,4;12,8;21,72;27,69;39,85
18;191;KAPLAN;GÖLGE;M2;919;514,5;904,6;4,87;7,53;63,32;7,865;64,24;5,53;64,9;7;162;184,7;27,94;58,52;56,83;13,23;22,35;29,28;37,88
18;191;KAPLAN;GÖLGE;M12;1014;581,2;883,6;2,88;7,08;63,98;6,871;64,98;6,63;64,6;6,2;185,3;216,3;21,01;55,9;46,09;15;22,42;27,25;35,24
18;191;KAPLAN;GÖLGE;M13;995,1;580,1;927,7;4,67;6,07;65,55;6,916;62,86;7,3;65,7;6,2;162,4;217,9;27,05;58,68;48,23;12,54;22,6;20,99;37,66
18;191;KAPLAN;GÖLGE;M7;951,9;485,4;1015,5;4,32;3,3;65,07;6,803;62,11;6,34;64,7;6,4;184,6;170,3;28,86;46,45;49,92;13,78;21,21;27,25;36,8
18;191;KAPLAN;GÖLGE;M2;941,2;497;937,2;4,91;4,24;66,4;7,243;63,44;6,97;63,2;6,5;142,3;176;25,54;43,82;49,53;13,38;22,39;24,3;33,42
18;191;KAPLAN;GÖLGE;M12;952,3;493,3;872,9;5,49;3,05;63,34;7,833;65,34;6,89;63,5;6,9;185;201,5;22,12;32,54;51,93;14,69;22,13;28,89;33,63
18;191;KAPLAN;GÖLGE;M13;925,7;513,7;974,2;3,52;5,61;65,15;7,593;65,25;5,91;64,2;6,8;162,4;187,9;20,29;53,54;52,47;13,8;22,13;22,72;31,31
18;191;KAPLAN;GÖLGE;M7;1000,9;496,5;955,2;4,01;3,75;65,83;7,034;63,1;7,74;63,8;6,4;186,6;151;25,2;62,5;59,37;12,6;21,07;26,68;33,09
18;191;KAPLAN;GÖLGE;M2;924,6;513,8;926,5;3,96;3,19;63,05;7,626;65,39;5,99;64,1;6,1;160;187,2;21,78;44,92;50,39;13,1;21,88;25,6;35,17
18;191;KAPLAN;GÖLGE;M12;969,2;532,4;933,2;3,21;3,91;66,53;7,641;64,36;5,02;65,6;6,4;178,7;185,8;27,27;60,52;50,09;14,59;21,28;27,82;32,34
18;191;KAPLAN;GÖLGE;M13;1002;538;970,6;3,2;5,68;65,33;6,722;62,58;6,48;64,2;6,7;146,2;211,3;28,45;60,92;56,44;13,41;21,05;24,63;36,14
18;191;KAPLAN;GÖLGE;M7;1004,4;577,8;1004;4,84;4,68;62,27;7,055;64,27;5,8;64,2;6,7;161,9;213,8;29,68;48,93;50,82;14,1;21,67;20,48;31,44
18;191;KAPLAN;GÖLGE;M2;927,8;549;966,3;5,46;5,47;64,56;7,142;62,23;7,19;64,8;6,2;149,2;177;20,63;63,65;53,11;12,19;22,05;24,35;37,13
18;191;KAPLAN;GÖLGE;M12;884,3;491,8;934,5;5,18;7,42;63,41;6,544;64,9;5,6;65,8;6,9;164,7;195,1;20,26;43,31;56,86;12,8;22,12;26,73;39,5
18;191;KAPLAN;GÖLGE;M13;1015,3;533,1;940,5;5,36;4,51;64,45;6,914;63,73;5,23;63,5;6,3;169;198,6;22,85;41,79;46,98;13,43;21,17;28,75;38,75
18;191;KAPLAN;GÖLGE;M7;949,2;504,4;948,9;4,21;3,73;65,42;7,846;62,95;6,56;64,8;6,9;162,3;213,9;22,44;47,73;55,9;13,81;21,97;23,42;34,19
18;191;KAPLAN;GÖLGE;M2;891,9;519,1;979,3;4,66;5,08;62,38;6,506;64,88;7,16;63,6;6,6;149;212,7;27,28;62,9;58,84;14,98;22,93;27,93;32,43
18;191;KAPLAN;GÖLGE;M12;953,8;557,9;1002;4,68;5,24;63,92;7,484;65,84;5,53;65,5;7;173,7;172,6;27,69;64,26;48,55;12,61;21,95;23,29;37,04
18;191;KAPLAN;GÖLGE;M13;987,4;537,8;913,9;4,88;4,5;66,02;6,35;62,36;5,76;65;6,1;148,6;204,8;23,96;34,42;48,12;13,61;21,75;25,92;34,35
18;191;KAPLAN;GÖLGE;M7;986,7;502,9;1018;3,26;7;66,44;6,795;62,67;7,14;65;6,9;173,1;199,7;21,12;31,43;48,6;14,07;22,29;23,46;38,93
18;191;KAPLAN;GÖLGE;M2;947,7;520,7;958,4;4,36;7,32;66,74;6,422;64,03;6,69;65,5;7;162;183,4;26,64;32,64;52,45;14,21;21,96;29,94;31,96
18;191;KAPLAN;GÖLGE;M12;948,1;486,5;907,8;5,48;2,52;62,16;6,874;62,36;5,57;63,8;6,1;143,3;199,6;28,03;32,4;54,31;13,05;22,7;24,68;39,22
18;191;KAPLAN;GÖLGE;M13;908,6;529,4;959,3;5,01;7,64;62,39;6,489;64,8;5,87;65,5;6,1;178,4;201;26,62;38,9;54,41;13,51;21,51;26,09;34,42
18;191;KAPLAN;GÖLGE;M7;887,7;486,2;985,5;4,63;3,62;62,45;6,473;62,34;5,3;63,3;6,5;150,7;170,6;26,89;54,12;46,45;12,63;21,54;21,27;39,46
18;191;KAPLAN;GÖLGE;M2;921,3;526,9;913,5;3,09;3,34;66,46;6,424;64,93;7,97;64,4;6,6;147;154,4;27,62;37,08;54,52;14,04;22,3;28,74;34,44
18;191;KAPLAN;GÖLGE;M12;907,8;533,7;1000,6;5,32;4,77;66,44;6,623;63,86;6,99;64,1;6,7;158,8;154,5;29,52;41,38;57,94;14,69;21,13;27,62;38,73
18;191;KAPLAN;GÖLGE;M13;917,1;498,2;1013,5;3,13;5,19;63,83;7,011;63,53;7,75;65,3;6,1;150,4;205,1;25,06;47,2;57,67;13,17;22,03;27,49;34,89
18;191;KAPLAN;GÖLGE;M7;951,6;538,3;952,2;4,09;4,03;62,88;6,851;62,82;5,55;65,9;6,4;174,5;200,8;27,78;41,58;47,96;14,2;21,53;27,64;39,92
18;191;KAPLAN;GÖLGE;M2;886,3;551,6;924,1;5,36;2,77;63,16;6,799;62,04;6,82;64,7;6,5;140,7;161,8;25,6;37,29;57,25;12,06;21,18;29,03;31,55
18;191;KAPLAN;GÖLGE;M12;928,1;565;1017,2;3,08;8,2;62,97;7,893;63,29;6,31;65,5;7;143,8;169,9;28,12;53,85;47,31;14,85;22,03;20,93;32,94
18;191;KAPLAN;GÖLGE;M13;910,5;549,7;928,5;5,11;5,77;64,92;6,578;62,4;6,53;65;7;165,9;212,5;20,64;59,2;52,87;14,32;22,15;26,91;35,5
18;191;KAPLAN;GÖLGE;M7;1011,3;500,8;914,5;2,53;2,61;64,18;7,682;65,27;7,21;64,9;6,4;168;194;21,15;30,35;58,99;12,38;22,56;25,33;39,59
18;191;KAPLAN;GÖLGE;M2;988,9;565,8;949,8;3,92;7,23;62,85;7,529;64,86;5,96;65,2;7;144,1;191,6;28,26;45,72;58,41;13,66;22,9;27,32;38,45
18;191;KAPLAN;GÖLGE;M12;918,2;549,2;986,2;2,52;6,77;65,77;7,439;65,79;5,19;64,6;7;151,6;174,7;24,75;51,71;50,73;14,3;21,09;20,11;37,25
18;191;KAPLAN;GÖLGE;M13;937,5;517,3;1026,3;2,52;6,98;64,95;6,839;65,72;6,9;65,3;6,3;186,7;210,2;25,12;58,16;52,97;12,65;22,12;26,64;36,39
18;191;KAPLAN;GÖLGE;M7;950,3;492,1;970,7;4,09;3,65;62,12;7,537;64,55;5,01;64,4;6,6;151,3;178,7;21,18;59,52;50,92;12,87;21,7;25,3;36,35
18;191;KAPLAN;GÖLGE;M2;971,2;542,4;1004,8;4,15;6,56;62,45;7,42;64,96;6,21;63,8;6;143,6;211,9;27,93;38,69;59,79;12,54;21,08;26,63;37,17
18;191;KAPLAN;GÖLGE;M12;993,1;548,1;1026,2;4,13;5,24;65,04;6,975;62,82;5,61;63,8;6,8;189,2;169,4;26,38;37,79;58,62;12,45;22,81;25,01;37,33
18;191;KAPLAN;GÖLGE;M13;894,7;514,1;1026,5;3,83;2,77;63,78;7,637;64,3;7,38;65,2;6,4;163,9;211,3;27,26;53,41;56,28;13,69;21,06;29,87;38,31
18;191;KAPLAN;GÖLGE;M7;930,5;578,3;936;3,16;2,94;65,29;6,391;65,64;7,29;65,2;6,8;169,4;197,8;25,65;32,13;53,35;13,57;22,28;28,02;35,61
18;191;KAPLAN;GÖLGE;M2;983,3;503;1023,3;5;3,54;64,67;6,799;62,97;5,91;64,9;6,9;147;182,4;23,8;43,86;47,47;13,74;22,2;22,39;34,53
18;191;KAPLAN;GÖLGE;M12;930,9;578,7;1008,5;5,2;5,92;66,69;6,934;64,38;6,62;64,4;6,5;171,1;197,2;26,99;47,9;49,12;12,64;21,24;28,45;39,99
18;191;KAPLAN;GÖLGE;M13;880,6;567,7;870,7;5,35;4,51;62,22;7,59;62,26;7,3;65,7;6,8;164,1;193,5;22,79;64,76;57,2;13,28;21,08;24,38;38,25
18;191;KAPLAN;GÖLGE;M7;977;523,9;979,7;4,21;6,24;66,51;7,749;64,82;6,47;64,5;6,9;156,1;201,6;21,74;45,94;51,64;12,77;22,87;28,59;39,11
18;191;KAPLAN;GÖLGE;M2;1013,8;494,8;925,8;2,71;6,04;62,35;7,593;64,07;5,13;63,3;6,8;157,4;207,6;27,84;52,57;56,23;13,84;22,67;28,44;33,48
18;191;KAPLAN;GÖLGE;M12;875,1;496;885,7;2,76;3,78;62,15;6,837;65,42;5;63,2;6,5;185,3;206,4;28,77;53,98;59,49;14,51;22,7;23,65;34,62
18;191;KAPLAN;GÖLGE;M13;905,4;588,4;909,7;2,86;3,66;65,88;7,803;65,67;5,47;65,6;6,5;161,4;155,3;21,25;57;56;13,87;21,59;22,01;36,2
18;191;KAPLAN;GÖLGE;M7;962,5;576,4;993,8;4,53;4,07;62,28;6,557;63,23;5,94;63,5;6,5;178,4;154;22,2;32,85;46,42;12,54;22,1;27,01;37,89
18;191;KAPLAN;GÖLGE;M2;1010,8;492;1022,6;2,93;5,55;62,31;6,463;63,13;5,93;64,7;7;153,5;204,9;22,33;44,99;56,04;14,39;22,77;22,47;32,36
18;191;KAPLAN;GÖLGE;M12;884,2;538,5;934,8;4,54;3,66;62,28;7,098;65,28;6,04;65,8;6,9;142,3;173,9;26,3;51,15;56,85;14,37;21,05;20,77;34,92
18;191;KAPLAN;GÖLGE;M13;996,2;540,4;990,6;4,32;5,05;63,08;7,755;65,82;5,5;64,1;6,3;152,5;151,6;20,48;58,67;59,7;12,78;21,71;29,77;31,81
18;191;KAPLAN;GÖLGE;M7;947,7;553,8;1017,9;4,86;5,8;62,34;7,036;65,94;5,69;63,3;6,2;154,9;194,9;20,5;45,08;47,8;14,64;21,55;25,35;38,65
18;191;KAPLAN;GÖLGE;M2;918,2;502,9;912,7;3,12;5,43;62,35;7,127;65,69;5,06;63,5;6,7;163,4;162,9;24,18;50,45;60;14,37;21,44;29,02;37,37
18;191;KAPLAN;GÖLGE;M12;933,2;541;895,7;4,08;6,64;64,21;7,108;64,28;7,65;63,2;6,9;141,3;153,6;24,78;36,74;46,92;13,56;21,55;29,66;34,3
18;191;KAPLAN;GÖLGE;M13;971;506,8;967,7;2,47;3,43;63,82;6,478;64,02;7,65;63,8;6,9;151,2;180,5;20,87;59,66;53,18;12,06;22,11;27,9;32,92
18;191;KAPLAN;GÖLGE;M7;900,8;582,9;998,3;4,74;2,68;65,88;6,996;62,05;6,85;65,2;6;174,1;184,4;27,93;43,35;45,45;14,09;21,53;27,15;32,69
18;191;KAPLAN;GÖLGE;M2;951,3;492,8;999,9;5,04;3,61;64,04;7,27;65,17;7,8;64,4;6;155,8;195,7;21,08;51,63;55,74;13,15;21,44;20,49;34,16
18;191;KAPLAN;GÖLGE;M12;924;561,5;1016,8;5,25;5,15;62,02;7,549;64,73;6,61;63,6;6,2;180,1;215,9;24,71;50,11;51,54;13,77;21,09;24,33;35,75
18;191;KAPLAN;GÖLGE;M13;956,1;500,6;962;3,85;4,77;65,19;7,457;64,98;6,95;65,6;6,1;140,7;206,8;23,34;54,75;51,29;14,07;22,84;28,27;32,38
18;191;KAPLAN;GÖLGE;M7;988,7;584,2;936,6;4,99;4,36;65,29;6,883;62,46;6,06;63,9;6,4;141,5;204,1;20,79;56,89;56,45;14,1;22,96;22,31;39,97
18;191;KAPLAN;GÖLGE;M2;1010,5;505,4;937,3;2,58;6,9;63,16;7,169;62,71;6,51;65,8;6,9;142,9;151,1;24,9;48,9;56,97;13,41;22,8;21,04;37,38
18;191;KAPLAN;GÖLGE;M12;885,2;501,5;920,6;2,43;6,35;66,3;7,444;62,37;6,84;63,6;6,9;177,5;173,2;21,57;56,05;46,82;12,12;21,99;22,34;36,13
18;191;KAPLAN;GÖLGE;M13;995,6;578,7;972,2;4,94;2,95;66,12;6,641;63,29;5,94;64,4;6,4;140,8;216,2;21,91;39,46;49,38;14,81;21,68;22,08;36,58
18;191;KAPLAN;GÖLGE;M7;982,7;493;926,2;4,4;7,57;63,44;7,688;62,05;7,51;63,1;6,6;173,4;159,8;27,91;53,36;53,57;12,49;22,41;20,07;33,97
18;191;KAPLAN;GÖLGE;M2;1001,5;574,4;912,5;4,04;3,11;66,19;6,656;65,6;5,76;65,2;6,7;181,6;206,2;24,27;59,56;47,95;14,68;21,4;25,54;38,41
18;191;KAPLAN;GÖLGE;M12;921,4;522,3;964,7;4,89;5,55;63,17;7,566;63,61;5,03;65,6;6,9;145,2;166,7;20,39;47,5;46,1;13,3;21,92;29,29;36,31
18;191;KAPLAN;GÖLGE;M13;961,9;557,9;1016,7;4,11;3,69;65,48;7,204;62,71;7,86;66;6,6;140,2;178,4;21,07;44,63;58,62;13,28;21,72;24,11;34,55
18;191;KAPLAN;GÖLGE;M7;928,2;582,3;880,4;4,42;2,97;66,16;7,643;63,97;7,11;63,1;6,2;177,6;216,8;20,18;61,36;56,84;14,57;22,36;28,59;31,33
18;191;KAPLAN;GÖLGE;M2;997,8;496;953,1;4,33;6,23;62,98;6,389;65,04;5,72;64,3;6,3;145,9;159,5;20,15;52,37;53,77;13,34;22,56;27,95;39,69
18;191;KAPLAN;GÖLGE;M12;886,6;541,2;882,1;3,45;6,43;66,5;6,453;65,64;7,44;63,4;7;170,5;176;28,75;59,87;58,67;14,01;22,24;21,95;34,7
18;191;KAPLAN;GÖLGE;M13;917;487,2;1021,8;5,38;4,99;63,91;7,739;65,53;7,88;63,1;6,5;151,2;181,4;24,69;62,47;59,84;13,66;21,15;20,47;34,74
18;191;KAPLAN;GÖLGE;M7;998,7;571,2;940,9;2,67;5,88;62,48;7,022;62,35;6,3;66;6,1;140,5;168,7;22,1;42,59;59,73;13,48;21,28;28,89;36,78
18;191;KAPLAN;GÖLGE;M2;877;580,6;1021,2;3,35;3,83;62,39;6,828;64,44;7,3;65,8;6,1;178,6;168,4;21,57;35,19;51,67;13,58;22,66;27,97;34,33
18;191;KAPLAN;GÖLGE;M12;935,2;532,7;950;3,39;4,35;64,98;6,642;64,3;7,97;63,1;6,6;167,2;177,3;22,22;48;48,19;12,9;22,75;20,19;39,91
18;191;KAPLAN;GÖLGE;M13;871,3;575,2;984,8;4,09;3,01;66,8;7,248;64,71;7,1;63,7;6,1;140,4;188,3;28,52;42,23;48,5;14,94;21,85;26,2;34,25
18;191;KAPLAN;GÖLGE;M7;871,7;491,7;990,4;4,4;4,64;64,62;7,717;65,72;5,63;63,1;6,6;179,9;213,7;26,85;52,36;56,88;14,04;21,58;23,25;37,45
18;191;KAPLAN;GÖLGE;M2;885,2;553,2;1015,3;2,4;5,61;65,2;7,618;65,32;5,52;63;6,9;158,6;173,9;23,72;30,92;45,96;13,85;21,55;20,92;39,15
18;191;KAPLAN;GÖLGE;M12;989,5;494,5;904;5,42;5,57;64,69;6,981;64,39;6,26;64,5;6,5;169,7;185,9;26,94;39,86;58,65;12,53;21,06;22,96;39,11
18;191;KAPLAN;GÖLGE;M13;979,7;494,1;997,4;4,29;6,1;65,68;7,899;64,87;5,14;64,6;6,7;150,4;212,5;22,36;41,31;46,93;13,45;22,87;24,39;34,06
18;191;KAPLAN;GÖLGE;M7;950,7;534,9;984,8;2,79;6,9;64,41;6,803;65,78;5,79;65,7;6,2;175,2;157,4;26,95;34,05;50,47;14,51;22,4;29,52;36,11
18;191;KAPLAN;GÖLGE;M2;1001,2;584,9;881,1;3,37;2,56;64,96;7,632;62,13;7,42;63,8;6,4;169,4;165,2;24,53;36,31;49,96;13,09;21,33;27,56;36,21
18;191;KAPLAN;GÖLGE;M12;913,6;512,2;981,8;5,03;7,87;65,73;6,729;62,24;6,14;63,6;6,6;153,1;216,3;21,78;45,68;53,1;13,25;22,22;28,12;32,2
18;191;KAPLAN;GÖLGE;M13;989,8;549,7;963,6;4,34;7,14;66,46;7,046;63,22;6,81;65,9;6,8;187,9;181;27,52;62,89;50,99;12,81;21,11;26,39;36,77
18;191;KAPLAN;GÖLGE;M7;903,3;541,9;995,9;2,82;4,28;62,34;7,578;65,71;6,09;63,9;6,8;145,5;161,2;27,9;33,24;55,08;12,46;21,45;20,96;34,8
18;191;KAPLAN;GÖLGE;M2;927,8;494,6;874,2;4,59;6,3;63,96;7,409;63,94;7,86;65,2;6,9;152,3;184,6;26,28;32,7;58,57;13,53;22,14;22,11;32,79
18;191;KAPLAN;GÖLGE;M12;920,4;562,1;915,7;3,11;4,7;63,33;6,537;63,66;6,85;64,4;7;146,8;157,5;21,6;43,18;46,06;14,95;22,9;27,56;32,34
18;191;KAPLAN;GÖLGE;M13;901,5;522,4;881;3,8;2,83;63,93;7,691;63,04;5,92;63,7;6,3;165,8;170,3;26,35;51,18;55,69;12,11;21,36;26,15;33,43
18;191;KAPLAN;GÖLGE;M7;903,1;536,6;892,2;5,15;6,79;65,13;7,688;64,08;7,39;63,2;6,3;175,5;169,1;23,19;55,74;59,18;13,8;22,65;21,73;34,01
18;191;KAPLAN;GÖLGE;M2;953;554,4;907,9;2,69;3,47;63,29;6,75;65,24;6,45;64,2;6,9;179,1;210,7;25,05;60,74;46,93;14,46;22,93;24,22;34,33
18;191;KAPLAN;GÖLGE;M12;987,8;580,2;955,1;4,91;5,7;62,57;7,314;63,24;7,41;64;6,9;146,1;200,7;28,84;60,83;56,31;12,15;21,03;29,14;36,11
18;191;KAPLAN;GÖLGE;M13;955,4;574,5;978;4,52;6,87;66,54;7,667;62,36;6,32;63,9;6,1;154,3;177,4;28,12;46,14;55,44;12,52;22,34;25,79;32,58
18;191;KAPLAN;GÖLGE;M7;879,7;566,7;976,4;3,98;7,06;62,51;7,272;65,9;6,29;65,2;6,8;157,1;158,3;26,26;49,9;46,05;13,29;22,28;27,98;38,42
18;191;KAPLAN;GÖLGE;M2;928,8;507,4;942,6;5,33;7,3;64,07;7,895;64,55;5,36;65,6;6,7;185;187;25,83;44,36;50,74;12,39;22,91;29,89;37,61
18;191;KAPLAN;GÖLGE;M12;920,2;537,9;951,4;3,46;6,38;62,97;7,854;65,08;7,5;63,8;6,4;145,3;175,9;22,68;38,05;54,81;14,59;21,03;20,3;32,08
18;191;KAPLAN;GÖLGE;M13;890,3;491;961;2,69;7,29;66,66;6,867;65,51;6,58;65,8;6,8;169,4;207,8;21,09;45,43;53,32;14,35;21,6;22,93;37,77
18;191;KAPLAN;GÖLGE;M7;982,9;522,8;893,2;2,99;5,14;66,78;6,426;64,06;7,72;65,8;6,9;166;218,8;27,23;49,28;51,59;12,02;21,96;21,32;33,54
18;191;KAPLAN;GÖLGE;M2;930,1;519,2;986,9;4,54;4,81;62,84;7,602;64,92;5,52;63,8;6,8;145,9;212,4;27,87;62,54;56,64;14,33;22,07;23,33;32,65
18;191;KAPLAN;GÖLGE;M12;1014,4;565,5;983,7;5,29;6,24;63,14;6,62;62,21;6,58;63,6;7;182,1;211,6;29,22;58,73;52,03;14,2;21,67;27,58;36,76
18;191;KAPLAN;GÖLGE;M13;1012,9;578,5;955,8;4,89;4,46;65,47;7,258;63,87;7,41;64,7;6;147,2;184,1;29,88;37,17;59,32;14,2;22,63;20,12;39,53
18;191;KAPLAN;GÖLGE;M7;914,6;548,3;992,8;5,16;5,87;63,75;6,551;64,35;5,84;64,5;6,9;150,6;162,6;21,9;39,86;51,01;13,38;21,62;22,66;34,34
18;191;KAPLAN;GÖLGE;M2;905,2;569,2;905,8;3,15;6,28;64,58;7,32;64,1;7,95;63,5;7;172,9;161,8;20,63;61,08;54,01;14,18;21,2;29,51;37,68
18;191;KAPLAN;GÖLGE;M12;922,4;529,7;1015,1;2,73;2,77;65,43;6,605;62,48;5,5;63,4;7;176,4;198,1;25,29;31,47;54,73;12,47;22,35;26,78;32,67
18;191;KAPLAN;GÖLGE;M13;921,8;535,3;934,6;2,5;6,71;63,44;7,271;62,16;7,56;63,5;6;160,5;158,4;27,53;31,8;51,96;14,19;22,23;24;38,97
18;191;KAPLAN;GÖLGE;M7;1011,6;567,2;884,3;2,9;2,7;66,38;7,775;65,57;7,85;63,4;6,1;171,5;166,4;24,09;36,15;55,65;13,88;22,46;20,5;37,78
18;191;KAPLAN;GÖLGE;M2;999,9;539,3;914;3,37;7,03;63,3;6,744;63,09;5,52;65;6,6;176,8;172,1;27,51;32,4;51,77;13,7;22,97;25,99;35,94
18;191;KAPLAN;GÖLGE;M12;905,2;507;881;2,72;4,88;63,88;7,676;62,77;7,06;64,2;6,2;149,5;160;20,94;46,03;55,67;13,4;21,6;21,39;39,67
18;191;KAPLAN;GÖLGE;M13;930;499;884,9;4,51;3,64;65,27;7,172;62,78;5,94;65,6;6,6;190;158,6;24,15;58,97;52,43;13,52;22,16;23,2;37,21
18;191;KAPLAN;GÖLGE;M7;913,4;568,8;884,3;2,78;5,61;62,69;6,881;64,4;5,17;64,7;6,7;185,7;195,1;24,08;37,33;55,45;14,57;21,4;21,23;35,97
18;191;KAPLAN;GÖLGE;M2;960,7;561,7;1009,9;2,77;7,84;62,68;6,566;65,83;5,28;63,7;6,8;164,4;187,9;24,61;55,49;55,98;12,6;22,15;20,9;37,5
18;191;KAPLAN;GÖLGE;M12;893,5;507,3;1028;3,46;7,14;63,46;6,98;64,05;5,45;64,4;6,7;181,2;207,3;26,92;54,12;55,13;12,38;21,67;25,39;31,31
18;191;KAPLAN;GÖLGE;M13;889,5;559,5;878,7;3,51;7,42;66,14;7,674;65,77;5,36;64,9;6,3;148,4;181;24,89;43,59;57,71;14,38;22,03;20,84;31,73
18;191;KAPLAN;GÖLGE;M7;968,8;575;883,7;4,98;8,2;62,96;6,934;63,99;7,21;63,9;6,8;163,4;160,5;22,24;49,32;57,63;13,68;21,32;24,42;31,85
18;191;KAPLAN;GÖLGE;M2;989,3;563,6;968,3;2,59;5,76;63,52;7,752;65,56;7,05;65,3;6,4;156;157,3;21,85;46,2;54,21;13,72;22,72;25,68;32,52
18;191;KAPLAN;GÖLGE;M12;950,7;503,1;894,4;4,16;5,92;64,37;6,747;63,5;5,02;64,4;6,3;173,5;203,8;21,97;43,83;49,59;12;22,94;21,67;32,26
18;191;KAPLAN;GÖLGE;M13;967,8;514,9;976,8;3,51;6,53;64,36;6,93;63,19;5,43;64,2;6;151,1;167,9;26,67;57,63;48,79;14,51;22,6;21,11;36,63
18;191;KAPLAN;GÖLGE;M7;892,5;545,8;1003,4;5,01;7,73;62,73;7,45;63,44;7,25;65,5;6,9;169,7;196,4;25,31;41,39;49,88;13,13;22,65;21,64;34,43
18;191;KAPLAN;GÖLGE;M2;949,4;544,7;910,1;2,89;6,43;64,86;6,558;63,62;7,04;65,2;6,8;160,9;192,3;23,31;47,44;45,56;14,67;21,46;23,69;34,33
18;191;KAPLAN;GÖLGE;M12;889,9;508,9;947,6;4,06;4,44;64,87;6,696;65,73;7,72;64,9;6,8;153,3;200;25,28;42,94;49,8;13,26;22,63;24,62;35,65
18;191;KAPLAN;GÖLGE;M13;1000,1;488,8;1028,5;2,5;6,93;63,76;6,704;62,32;6,71;64,4;6,5;175,3;204,4;29,87;32,92;53,13;13,71;22,42;29,75;38,09
18;191;KAPLAN;GÖLGE;M7;871,9;519,6;1022,9;4,78;8,06;62,82;6,499;63,75;7,86;65,5;6,9;157;150,6;29,4;57,45;59,42;12,77;22,92;20,65;34,26
18;191;KAPLAN;GÖLGE;M2;1004,8;564,9;999,4;4,6;2,64;63,22;7,303;65,9;5,8;64;6,1;172;174,7;26,66;30,14;57,3;12,23;22,08;25,71;35,39
18;191;KAPLAN;GÖLGE;M12;882,3;547,1;901,8;2,57;5,91;64,1;6,907;64,7;6,78;64,4;6,5;140,2;166,9;24,35;41,01;57,2;14,08;21,29;24,53;38,33
18;191;KAPLAN;GÖLGE;M13;953,1;573,3;945,9;4,5;7,96;62,44;7,726;63,4;6,99;64,9;6,2;170,9;178,1;26,53;42,31;48,35;13,8;22,71;26,88;31,29
18;191;KAPLAN;GÖLGE;M7;990,3;514,8;987,3;3,06;7,15;65,03;7,451;64,07;6,3;63,2;6,1;166,9;171,3;22,64;47,34;52,44;13,08;22,55;29,7;31,94
18;191;KAPLAN;GÖLGE;M2;880,2;540,2;903,6;3,54;3,59;63,8;7,447;65,33;7,87;64,1;6;144,1;218,5;27,92;64,15;54,72;12,46;21,37;25,83;33,73
18;191;KAPLAN;GÖLGE;M12;900,3;506;918,8;4,45;3,99;63,88;6,366;63,74;7,74;64,5;7;183,9;216,4;28,07;57,57;57,32;13,71;22,1;25,82;33,73
18;191;KAPLAN;GÖLGE;M13;888,4;491,7;960,6;2,57;7,95;62,94;7,678;64,31;5,18;63,7;6,1;142,3;160,4;20,02;60,94;47,47;12,37;22,56;24,8;36,99
18;191;KAPLAN;GÖLGE;M7;982,2;585,5;948,5;4,07;7,79;65,99;7,837;64,63;7,96;65,8;6,4;149,6;219,7;26,13;47,28;49,38;13,99;22,21;29,61;35,37
18;191;KAPLAN;GÖLGE;M2;986,2;527,6;997,5;4,3;2,78;62,79;6,994;63,61;5,63;65,7;6;155;150;29,3;58,91;45,25;14,41;21,41;28,46;31
18;191;KAPLAN;GÖLGE;M12;923;489,6;928,1;5,12;4;66,42;7,776;63,37;6,95;63,4;6,9;149,2;210,6;26,37;36,9;52,89;14,15;21,29;25,13;32,8
18;191;KAPLAN;GÖLGE;M13;961,4;587,7;959,3;2,51;4,42;64,49;6,802;62,78;5,21;66;6,9;170,9;174,9;28,7;51,55;52,32;12,06;21,42;23,53;39,05
18;191;KAPLAN;GÖLGE;M7;1014,5;514,2;892,7;5,31;3,95;62,93;6,592;63,39;6,27;65,4;6,5;175,1;159,2;29,67;55,66;51,16;12,48;22,02;26,22;35,16
18;191;KAPLAN;GÖLGE;M2;882,2;563,4;880,5;3,13;4,64;63,84;7,74;64,13;7,86;66;6,7;154,2;156,8;26,81;31,03;50,62;12,14;22,27;26,2;33,4
18;191;KAPLAN;GÖLGE;M12;981,3;540,4;972,5;3,46;7,26;65,11;7,472;65,81;6,84;66;6,9;149,6;195,5;29,28;50,26;55,53;14,9;22,02;23,43;39,22
18;191;KAPLAN;GÖLGE;M13;880,6;523,3;994,2;5,29;5,32;65,23;6,76;64,25;5,42;63,3;6,8;177,7;176,8;22,43;38,48;50,21;14,48;22,99;22,62;36,55
18;191;KAPLAN;GÖLGE;M7;978,7;495,6;881,5;4,6;7,23;62,28;6,842;64,7;6,54;64,7;6;151,4;209,1;22,12;55,65;46,39;15;22,55;22,42;37,8
18;191;KAPLAN;GÖLGE;M2;942,2;506,2;983,2;5,43;7,03;64,16;7,247;65,03;5,31;63,2;6;156,6;204,8;29,67;50,18;51,42;14,57;22,74;25,91;35,53
18;191;KAPLAN;GÖLGE;M12;998,3;573,4;996,9;2,66;2,82;64,63;7,421;64,83;5,38;65,1;6,2;177,1;186,2;25,38;44,32;55,53;14,31;21,64;24,44;34,82
18;191;KAPLAN;GÖLGE;M13;952,4;489;1002,5;5,49;4,83;62,91;7,406;65,56;5,69;65,3;6,7;177;156,3;29,99;62,19;57,74;14,16;21,28;24,38;34,95
18;191;KAPLAN;GÖLGE;M7;966,5;508;892,3;2,98;7,7;62,03;6,933;64,45;5,05;64,9;6,2;184;161;25,88;44,41;47,12;14,24;21,72;27,92;38,53
18;191;KAPLAN;GÖLGE;M2;901,2;547,9;1009,1;4,77;7,17;62,95;7,775;64,45;5,43;63,6;6,8;166,1;198,2;27,37;63,17;59,44;13,83;21,1;26,03;37,12
18;191;KAPLAN;GÖLGE;M12;990,1;543,5;957,7;3,85;2,6;63,06;7,211;62,65;6,74;65,1;6,5;166;201,4;28,77;40,64;59,85;12,29;22,59;21,3;36,53
18;191;KAPLAN;GÖLGE;M13;905,5;506,8;922;5,29;4,4;62,09;6,831;64,05;6,65;66;6,7;161,8;152,6;24,53;34,51;45,23;14,68;21,61;27,67;38,77
18;191;KAPLAN;GÖLGE;M7;931,8;526,9;949,2;3,7;8,07;66,12;7,339;64,38;5,97;65,5;6,9;187,7;203,8;29,4;56,19;54,11;13,13;22,3;22,92;38,71
18;191;KAPLAN;GÖLGE;M2;913,8;534,4;900,5;3,11;3,75;63,55;7,656;62,48;6,54;64,4;6,5;165,2;159,4;27,93;49;50,08;14,2;21,61;28,51;34,93
18;191;KAPLAN;GÖLGE;M12;936,5;499,3;1021,5;2,58;2,57;62,21;7,276;64,11;5,87;65;6,2;153,8;152,9;20,88;31,88;50,05;12,89;21,2;22;37,29
18;191;KAPLAN;GÖLGE;M13;1010,8;553,5;894,7;4,46;5,72;63,87;6,651;65,52;5,24;66;6;170,9;153,2;21,96;58,29;53,47;13,13;21,54;25,58;31,01
18;191;KAPLAN;GÖLGE;M7;980,5;492,9;916,7;5,01;4,48;66,62;6,774;64,38;5,38;65,4;6,3;147,3;217;25,7;58,07;52,59;14,27;22,31;28,62;36,91
18;191;KAPLAN;GÖLGE;M2;914,4;486,4;1009,7;4,68;7,55;66,72;7,106;65,81;8;64,8;7;160,8;191,6;23,07;42,74;51,58;14,73;22,89;21,4;34,29
18;191;KAPLAN;GÖLGE;M12;920,5;499,7;904;2,42;6,46;63,2;6,86;64,48;7,55;63;6,6;177,5;172,6;22,22;57,5;49,75;14,84;21,72;22,4;36,89
18;191;KAPLAN;GÖLGE;M13;982,5;532,1;936,5;2,8;4,69;66,76;7,104;63,2;6,02;63,5;6,6;160,3;206,7;28,7;32,74;54,78;14,91;22,25;24,9;34,22
18;191;KAPLAN;GÖLGE;M7;999,4;566,4;989,2;5,41;5,92;65,15;7,752;65,45;6,73;63;6,3;178,4;202,8;28,15;57,44;45,69;13,86;21,73;28,54;39,43
18;191;KAPLAN;GÖLGE;M2;887,4;504,1;1018,5;2,59;3,96;64,33;6,694;65,3;7,34;63;6,7;162,2;186,3;24,54;60,72;51,83;13,91;22,75;24,62;31,05
18;191;KAPLAN;GÖLGE;M12;868,7;545;1008,2;2,51;3,27;65,02;6,905;65,03;5,2;66;6,5;172,8;216,7;27,18;37,6;56,92;12,04;22,8;25,61;36,15
18;191;KAPLAN;GÖLGE;M13;968;566,2;1004,3;4,45;7,44;63,58;7,848;63,95;5,63;64,6;6;155,2;170,3;24,72;35,22;51,63;13,95;22,05;20,72;39,2
18;191;KAPLAN;GÖLGE;M7;899,6;485,7;962,7;4,93;2,68;65,93;6,801;64,2;7,47;64,8;6,4;144,6;192,9;25,07;40,68;55,85;14,34;22,46;20,77;32,2
18;191;KAPLAN;GÖLGE;M2;1004,4;493,1;885,7;4,39;4,42;62,64;6,366;63;5,75;63,9;6,4;162,3;192,7;25;58,93;48,7;13,52;21;29,11;36,71
18;191;KAPLAN;GÖLGE;M12;895,2;496,4;979,2;2,76;5,98;62,25;7,548;62,83;6,07;65,4;6,5;140,6;191,5;28,38;36,94;55,25;12,6;22,41;24,28;33,63
18;191;KAPLAN;GÖLGE;M13;995,5;524,4;917,6;4,9;5,34;62,29;7,386;63,59;7;64;6,7;168,7;160,3;26,17;61,94;57,99;13,14;21,58;27,13;33,73
18;191;KAPLAN;GÖLGE;M7;894,4;532,7;882;2,79;4,63;65,63;7,117;65,85;6,85;63,8;6,8;170,1;215,1;20,55;38,85;45,31;13,92;22,74;26,73;37,41
18;191;KAPLAN;GÖLGE;M2;876,9;540,1;1002,6;3,94;7,06;62,77;6,763;65,14;6,24;63,8;6,5;161,8;186,2;26,78;48,37;58,77;13,15;21,07;29,37;35,52
18;191;KAPLAN;GÖLGE;M12;1007,7;585,5;948,7;3,59;6,97;62,78;7,597;63,53;5,81;63,3;6,3;150,5;218;21,45;62,57;48,84;13,84;22,48;24,08;36,04
18;191;KAPLAN;GÖLGE;M2;885,1;509,7;914,2;4,4;5,47;65,72;7,243;62,57;7,43;64,4;6,5;152,6;166,4;28,42;59,39;56,8;12,01;21,79;20,59;33,95
18;191;KAPLAN;GÖLGE;M12;869,9;491,1;913,3;4,74;6,85;63,8;6,392;65,06;6,9;64,3;6;189,5;195,5;26,5;44,31;53,81;13,14;21,08;29,88;38,25
18;191;KAPLAN;GÖLGE;M13;934,6;541,6;931,8;4,63;3,86;63,27;7,463;62,79;5,35;64,4;6,5;187,7;178,8;28,03;43,29;54,95;14,52;21,65;21,61;35,46
18;191;KAPLAN;GÖLGE;M7;974,6;497,5;1000,2;2,9;6,61;66,51;6,746;62,91;6,36;63,9;6,6;159,5;218,1;24,44;55,4;48,32;14,94;22,07;26,48;37,82
18;191;KAPLAN;GÖLGE;M2;881,7;502,7;1027,9;5,13;7,66;64,67;7,309;64,76;7,53;63,7;6,9;154,9;195;28,91;53,03;57,3;13,2;22,99;24,38;39,06
18;191;KAPLAN;GÖLGE;M12;928,4;492,6;902,5;3,7;3,93;66,4;6,521;63,94;7,17;65,3;6,1;182;214,7;25,51;40,75;59,71;12,87;22,61;26,76;32,95
18;191;KAPLAN;GÖLGE;M13;1010,3;514,1;888,6;4,45;4,79;63,04;7,019;64,48;7,42;63,3;6,1;169;192,6;26,59;58,33;56,19;12,36;22,6;24,22;39,39
18;191;KAPLAN;GÖLGE;M7;938;574,3;946;2,86;4,85;63,65;6,558;62,98;5,65;65,5;6;149,4;210,8;26,8;33,98;57,94;13,48;21,31;27,21;38,77
18;191;KAPLAN;GÖLGE;M2;880,7;549,6;1006,3;4,33;7,3;63,69;7,724;63,86;5,31;64,9;6;151,3;212,9;21,83;47,44;47,08;13,71;22,14;28,48;33,12
18;191;KAPLAN;GÖLGE;M12;970,4;524,4;911,6;2,47;7,62;62,01;6,508;66;5,14;63,9;6,4;170,1;219,9;25,59;64,21;48,69;12,57;21,11;24,07;31,73
18;191;KAPLAN;GÖLGE;M13;1016,2;556,6;986,3;4,43;5,09;64,35;7,046;65,32;7,35;64,9;6,4;140,8;154,8;27,13;62,25;54,89;15;21,9;27,88;31,55
18;191;KAPLAN;GÖLGE;M7;955,7;536,8;1024,8;2,43;3,18;65,97;6,506;65,56;6,87;64,8;6,3;183,8;167,3;26,71;47,01;58,15;14,11;22,81;26,32;33,96
18;191;KAPLAN;GÖLGE;M2;983,6;549,9;895,1;3,38;4,98;65,82;7,103;62;5,17;65,7;6,4;183,4;206,4;20,85;46,57;56,05;13,06;22,59;20,31;38,93
18;191;KAPLAN;GÖLGE;M12;909,9;531,4;900,4;2,44;3,91;64,73;7,143;64,92;7,57;64,1;6,3;156,1;193,9;24,07;61,66;53,28;13,27;22,52;22,29;34,68
18;191;KAPLAN;GÖLGE;M13;869,9;511,6;924,7;2,44;7,89;63,47;6,986;62,7;5,71;65,8;6,1;179,3;183,6;27,56;55,74;54,87;14,54;22,25;23,02;31,6
18;191;KAPLAN;GÖLGE;M7;917,9;544,6;931,7;4,61;7,37;62,76;7,301;64,29;5,28;65,6;6,3;186,4;166,8;28,77;47,2;56,9;12,64;21,46;24,31;39,41
18;191;KAPLAN;GÖLGE;M2;911,7;564,3;949;2,76;5,75;62,21;7,724;64,68;5,25;65,5;6,8;156,7;208,8;23,94;44,94;47,29;12,18;21,06;24,34;33,93
18;191;KAPLAN;GÖLGE;M12;1008,7;549,5;1019,8;5,27;6,18;63,34;7,037;63,47;7,1;64,6;6,6;164,9;151,2;24,97;56,47;56,2;14,38;21,18;20,66;33,36
18;191;KAPLAN;GÖLGE;M13;967,6;491,9;975,1;3,16;7,82;62,25;7,637;64,83;6,82;64,9;6;167,1;156,8;24,22;61,97;59,21;13,19;22,75;22,97;35,93
18;191;KAPLAN;GÖLGE;M7;921,6;539,2;1006,3;3,43;3,14;63,89;7,149;63,16;5,15;63,2;6,1;166,7;194,4;27,41;35,28;54,07;12,98;22,59;23,4;31,79
18;191;KAPLAN;GÖLGE;M2;876,2;487,1;973,7;2,62;4,48;62,33;7,704;62,01;5,29;63;6,4;171,3;155,7;23,41;41,42;46,01;14,18;22,92;27,28;35,38
18;191;KAPLAN;GÖLGE;M12;953,1;540;1024,7;3,78;3,05;66,28;6,62;65,22;6,58;65,5;6;154,6;181,7;24,6;35,99;50,31;12,92;21,49;25,29;33,63
18;191;KAPLAN;GÖLGE;M13;964;487,3;1018,2;2,63;3,89;62,79;6,562;65,21;7,66;63,9;6,3;148,9;202,4;21,99;44,79;56,76;12,43;22,27;22,9;38,74
18;191;KAPLAN;GÖLGE;M7;1005;518,3;1028;4,98;4,66;64,94;7,351;62,46;7,94;65,6;6,3;153,1;189,5;20,43;43,69;46,91;13,41;22,79;24,58;37,43
18;191;KAPLAN;GÖLGE;M2;886,3;503,4;939,1;3,7;6,89;65,12;7,727;64,47;6,89;63,7;6,6;176,3;205,2;22,12;42,18;57,8;12,37;22,44;29,93;32,37
18;191;KAPLAN;GÖLGE;M12;968,7;513,4;885,5;5,03;7,39;64,43;6,804;62,87;5,15;64,8;6,2;172,9;192,1;21,27;37,74;51,65;13,92;22,16;23,99;33,94
18;191;KAPLAN;GÖLGE;M13;903,6;496,6;959,7;4,23;2,63;66,58;6,764;65,93;6,6;63,4;6,9;172,4;177,2;22,2;42,79;59,6;14,51;21,14;24,75;36,16
18;191;KAPLAN;GÖLGE;M7;872,8;496,5;961,6;2,6;4,26;63,33;6,493;65,83;6,56;64,4;6;145,5;169,7;23,5;61,7;59,92;14,41;21,97;28,65;38,92
18;191;KAPLAN;GÖLGE;M2;925,2;528,4;900,8;3,78;7,05;66,46;7,687;64,42;6,27;65,5;6,9;170,4;206,8;22,87;53,74;58,64;12,47;22,84;26,69;34,83
18;191;KAPLAN;GÖLGE;M12;1000,3;538,1;893;5,3;3,64;66,37;7,547;65,58;6,77;65,4;6,5;177,5;207,8;27,79;49,9;52,47;13,44;22,38;20,31;34,07
18;191;KAPLAN;GÖLGE;M13;923,9;536,4;940,2;5,5;6,21;63,1;7,12;63,05;6,77;64,1;6,1;148;209,2;22,06;59,53;47,34;12,24;22,6;24,43;34,78
18;191;KAPLAN;GÖLGE;M7;940,6;515,6;875,5;3,78;3,54;64,31;7,246;63,5;6,71;63,5;6,2;184,7;161,8;27,06;45,19;59,05;14,35;22,41;25,68;33,32
18;191;KAPLAN;GÖLGE;M2;873,6;560,3;951,2;5,08;5,18;62,23;7,373;65,03;5,84;65,8;7;147,8;169,2;26,11;52,75;48,05;14,43;22,9;29,92;32,95
18;191;KAPLAN;GÖLGE;M12;966,1;575,1;1020,3;3,35;3,2;65,51;6,413;63,72;6,5;65;6,3;173,3;157,8;25,92;50,73;46,94;12,04;21,85;22,89;37,26
18;191;KAPLAN;GÖLGE;M13;897,2;586,7;966,8;4,06;5,65;63,96;7,428;65,1;7,69;66;6,4;170,2;214,6;20,11;63,67;54,7;13,13;21,93;26;34,69
18;191;KAPLAN;GÖLGE;M7;997,9;538,4;971,3;4,18;3,05;63,8;7,82;65,57;6,44;63,7;6,6;156,6;215;28,6;56,19;56,45;14,51;22,24;25,54;31,53
18;191;KAPLAN;GÖLGE;M2;918,4;588,2;971,2;3,65;3,75;64,47;7,244;63,9;6,17;63,3;6,9;180,3;184,6;21,01;33,31;47,24;12,2;21,88;22,38;32,74
18;191;KAPLAN;GÖLGE;M3;1003,8;549,7;902;3,86;8,01;62,72;7,887;63,13;5,31;63;6,9;166,1;208,5;23,28;38,17;51;12,06;21,74;28,4;32,35
